site	country	source	visits	year	month	day
disneystore.de*	276	952	93	16	1	21
disneystore.de*	276	952	15	16	9	12
disneystore.de*	276	952	85	16	1	22
disneystore.de*	276	952	11	16	9	13
disneystore.de*	276	952	115	16	1	23
disneystore.de*	276	952	14	16	9	14
disneystore.de*	276	952	101	16	1	24
disneystore.de*	276	952	7	16	9	15
disneystore.de*	276	952	105	16	1	25
disneystore.de*	276	952	9	16	9	16
disneystore.de*	276	952	73	16	1	26
disneystore.de*	276	952	17	16	9	17
disneystore.de*	276	952	85	16	1	27
disneystore.de*	276	952	11	16	9	18
disneystore.de*	276	952	65	16	1	28
disneystore.de*	276	952	6	16	9	19
disneystore.de*	276	952	19	16	9	20
disneystore.de*	276	952	61	16	1	30
disneystore.de*	276	952	75	16	1	31
disneystore.de*	276	952	64	16	2	1
disneystore.de*	276	952	76	16	2	2
disneystore.de*	276	952	67	16	2	3
disneystore.de*	276	952	44	16	2	4
disneystore.de*	276	952	43	16	2	5
disneystore.de*	276	952	74	16	2	6
disneystore.de*	276	952	48	16	2	7
disneystore.de*	276	952	67	16	2	8
disneystore.de*	276	952	8	16	9	30
disneystore.de*	276	952	47	16	2	9
disneystore.de*	276	952	52	16	2	10
disneystore.de*	276	952	10	16	10	1
disneystore.de*	276	952	43	16	2	11
disneystore.de*	276	952	15	16	10	2
disneystore.de*	276	952	51	16	2	12
disneystore.de*	276	952	68	16	2	13
disneystore.de*	276	952	55	16	2	14
disneystore.de*	276	952	59	16	2	16
disneystore.de*	276	952	44	16	2	17
disneystore.de*	276	952	30	16	2	18
disneystore.de*	276	952	47	16	2	19
disneystore.de*	276	952	57	16	2	20
disneystore.de*	276	952	49	16	2	21
disneystore.de*	276	952	55	16	2	22
disneystore.de*	276	952	48	16	2	23
disneystore.de*	276	952	46	16	2	24
disneystore.de*	276	952	42	16	2	25
disneystore.de*	276	952	37	16	2	26
disneystore.de*	276	952	46	16	2	27
disneystore.de*	276	952	33	16	2	28
disneystore.de*	276	952	73	16	2	29
disneystore.de*	276	952	59	16	3	1
disneystore.de*	276	952	69	16	3	2
disneystore.de*	276	952	16	16	10	24
disneystore.de*	276	952	52	16	3	3
disneystore.de*	276	952	18	16	10	25
disneystore.de*	276	952	67	16	3	4
disneystore.de*	276	952	12	16	10	26
disneystore.de*	276	952	78	16	3	5
disneystore.de*	276	952	23	16	10	27
disneystore.de*	276	952	81	16	3	6
disneystore.de*	276	952	7	16	10	28
disneystore.de*	276	952	57	16	3	7
disneystore.de*	276	952	19	16	10	29
disneystore.de*	276	952	65	16	3	8
disneystore.de*	276	952	16	16	10	30
disneystore.de*	276	952	53	16	3	9
disneystore.de*	276	952	14	16	10	31
disneystore.de*	276	952	32	16	11	1
disneystore.de*	276	952	17	16	11	2
disneystore.de*	276	952	10	16	11	3
disneystore.de*	276	952	17	16	11	4
disneystore.de*	276	952	61	16	3	14
disneystore.de*	276	952	18	16	11	5
disneystore.de*	276	952	56	16	3	15
disneystore.de*	276	952	17	16	11	6
disneystore.de*	276	952	43	16	3	16
disneystore.de*	276	952	11	16	11	7
disneystore.de*	276	952	52	16	3	17
disneystore.de*	276	952	20	16	11	8
disneystore.de*	276	952	45	16	3	18
disneystore.de*	276	952	20	16	11	9
disneystore.de*	276	952	62	16	3	19
disneystore.de*	276	952	13	16	11	10
disneystore.de*	276	952	10	16	11	11
disneystore.de*	276	952	22	16	11	12
disneystore.de*	276	952	21	16	11	13
disneystore.de*	276	952	12	16	11	14
disneystore.de*	276	952	13	16	11	15
disneystore.de*	276	952	15	16	11	16
disneystore.de*	276	952	12	16	11	17
disneystore.de*	276	952	20	16	11	18
disneystore.de*	276	952	16	16	11	19
disneystore.de*	276	952	16	16	11	20
disneystore.de*	276	952	15	16	11	21
disneystore.de*	276	952	15	16	11	22
disneystore.de*	276	952	21	16	11	23
disneystore.de*	276	952	9	16	11	24
disneystore.de*	276	952	26	16	11	25
disneystore.de*	276	952	18	16	11	26
disneystore.de*	276	952	16	16	11	27
disneystore.de*	276	952	32	16	4	6
disneystore.de*	276	952	14	16	11	28
disneystore.de*	276	952	36	16	4	7
disneystore.de*	276	952	5	16	11	29
disneystore.de*	276	952	44	16	4	8
disneystore.de*	276	952	10	16	11	30
disneystore.de*	276	952	6	16	12	1
disneystore.de*	276	952	38	16	4	11
disneystore.de*	276	952	27	16	12	2
disneystore.de*	276	952	59	16	4	12
disneystore.de*	276	952	17	16	12	3
disneystore.de*	276	952	57	16	4	13
disneystore.de*	276	952	16	16	12	4
disneystore.de*	276	952	34	16	4	14
disneystore.de*	276	952	14	16	12	5
disneystore.de*	276	952	34	16	4	15
disneystore.de*	276	952	11	16	12	6
disneystore.de*	276	952	72	16	4	16
disneystore.de*	276	952	15	16	12	7
disneystore.de*	276	952	47	16	4	17
disneystore.de*	276	952	28	16	12	8
disneystore.de*	276	952	30	16	4	18
disneystore.de*	276	952	27	16	12	9
disneystore.de*	276	952	46	16	4	19
disneystore.de*	276	952	22	16	12	10
disneystore.de*	276	952	33	16	4	20
disneystore.de*	276	952	28	16	12	11
disneystore.de*	276	952	19	16	4	21
disneystore.de*	276	952	12	16	12	12
disneystore.de*	276	952	32	16	4	22
disneystore.de*	276	952	22	16	12	13
disneystore.de*	276	952	35	16	4	23
disneystore.de*	276	952	21	16	12	14
disneystore.de*	276	952	22	16	12	15
disneystore.de*	276	952	46	16	4	25
disneystore.de*	276	952	30	16	12	16
disneystore.de*	276	952	27	16	4	26
disneystore.de*	276	952	12	16	12	17
disneystore.de*	276	952	23	16	4	27
disneystore.de*	276	952	25	16	12	18
disneystore.de*	276	952	9	16	12	19
disneystore.de*	276	952	9	16	12	20
disneystore.de*	276	952	7	16	12	21
disneystore.de*	276	952	11	16	12	22
disneystore.de*	276	952	22	16	5	1
disneystore.de*	276	952	15	16	12	23
disneystore.de*	276	952	20	16	5	2
disneystore.de*	276	952	6	16	12	24
disneystore.de*	276	952	10	16	12	25
disneystore.de*	276	952	9	16	12	26
disneystore.de*	276	952	12	16	12	27
disneystore.de*	276	952	14	16	12	28
disneystore.de*	276	952	18	16	5	7
disneystore.de*	276	952	11	16	12	29
disneystore.de*	276	952	19	16	5	8
disneystore.de*	276	952	19	16	12	30
disneystore.de*	276	952	23	16	12	31
disneystore.de*	276	952	12	16	5	12
disneystore.de*	276	952	36	16	5	14
disneystore.de*	276	952	23	16	5	15
disneystore.de*	276	952	34	16	5	16
disneystore.de*	276	952	31	16	5	17
disneystore.de*	276	952	26	16	6	3
disneystore.de*	276	952	29	16	6	4
disneystore.de*	276	952	20	16	6	5
disneystore.de*	276	952	18	16	6	6
disneystore.de*	276	952	12	16	6	7
disneystore.de*	276	952	24	16	6	8
disneystore.de*	276	952	12	16	6	9
disneystore.de*	276	952	15	16	6	10
disneystore.de*	276	952	35	16	6	11
disneystore.de*	276	952	31	16	6	12
disneystore.de*	276	952	14	16	6	13
disneystore.de*	276	952	12	16	6	14
disneystore.de*	276	952	37	16	6	15
disneystore.de*	276	952	30	16	6	16
disneystore.de*	276	952	17	16	6	17
disneystore.de*	276	952	12	16	6	18
disneystore.de*	276	952	28	16	6	19
disneystore.de*	276	952	15	16	6	20
disneystore.de*	276	952	28	16	6	21
disneystore.de*	276	952	26	16	6	22
disneystore.de*	276	952	21	16	6	23
disneystore.de*	276	952	16	16	6	24
disneystore.de*	276	952	21	16	6	25
disneystore.de*	276	952	26	16	6	26
disneystore.de*	276	952	24	16	6	27
disneystore.de*	276	952	21	16	6	28
disneystore.de*	276	952	17	16	6	29
disneystore.de*	276	952	21	16	6	30
disneystore.de*	276	952	13	16	7	1
disneystore.de*	276	952	24	16	7	2
disneystore.de*	276	952	28	16	7	3
disneystore.de*	276	952	29	16	7	4
disneystore.de*	276	952	38	16	7	5
disneystore.de*	276	952	26	16	7	6
disneystore.de*	276	952	21	16	7	7
disneystore.de*	276	952	17	16	7	8
disneystore.de*	276	952	29	16	7	9
disneystore.de*	276	952	19	16	7	10
disneystore.de*	276	952	25	16	7	11
disneystore.de*	276	952	22	16	7	12
disneystore.de*	276	952	22	16	7	13
disneystore.de*	276	952	22	16	7	14
disneystore.de*	276	952	19	16	7	15
disneystore.de*	276	952	16	16	7	16
disneystore.de*	276	952	19	16	7	17
disneystore.de*	276	952	23	16	7	18
disneystore.de*	276	952	27	16	7	19
disneystore.de*	276	952	22	16	7	20
disneystore.de*	276	952	14	16	7	21
disneystore.de*	276	952	24	16	7	22
disneystore.de*	276	952	20	16	7	23
disneystore.de*	276	952	18	16	7	24
disneystore.de*	276	952	14	16	7	25
disneystore.de*	276	952	36	16	7	26
disneystore.de*	276	952	15	16	7	27
disneystore.de*	276	952	14	16	7	28
disneystore.de*	276	952	22	16	7	29
disneystore.de*	276	952	13	16	7	30
disneystore.de*	276	952	17	16	7	31
disneystore.de*	276	952	21	16	8	1
disneystore.de*	276	952	18	16	8	2
disneystore.de*	276	952	21	16	8	3
disneystore.de*	276	952	16	16	8	5
disneystore.de*	276	952	18	16	8	6
disneystore.de*	276	952	13	16	8	7
disneystore.de*	276	952	17	16	8	8
disneystore.de*	276	952	9	16	8	9
disneystore.de*	276	952	17	16	8	10
disneystore.de*	276	952	25	16	8	11
disneystore.de*	276	952	14	16	8	12
disneystore.de*	276	952	13	16	8	13
disneystore.de*	276	952	13	16	8	14
disneystore.de*	276	952	19	16	8	15
disneystore.de*	276	952	26	16	8	16
disneystore.de*	276	952	21	16	8	17
disneystore.de*	276	952	19	16	8	18
disneystore.de*	276	952	16	16	8	19
disneystore.de*	276	952	12	16	8	20
disneystore.de*	276	952	17	16	8	21
disneystore.de*	276	952	15	16	8	22
disneystore.de*	276	952	8	16	8	23
disneystore.de*	276	952	95	16	1	2
disneystore.de*	276	952	15	16	8	24
disneystore.de*	276	952	92	16	1	3
disneystore.de*	276	952	15	16	8	25
disneystore.de*	276	952	118	16	1	4
disneystore.de*	276	952	97	16	1	5
disneystore.de*	276	952	88	16	1	6
disneystore.de*	276	952	14	16	8	28
disneystore.de*	276	952	98	16	1	7
disneystore.de*	276	952	11	16	8	29
disneystore.de*	276	952	91	16	1	8
disneystore.de*	276	952	13	16	8	30
disneystore.de*	276	952	101	16	1	9
disneystore.de*	276	952	93	16	1	10
disneystore.de*	276	952	78	16	1	11
disneystore.de*	276	952	90	16	1	12
disneystore.de*	276	952	66	16	1	13
disneystore.de*	276	952	70	16	1	14
disneystore.de*	276	952	60	16	1	15
disneystore.de*	276	952	115	16	1	16
disneystore.de*	276	952	88	16	1	17
disneystore.de*	276	952	64	16	1	18
disneystore.de*	276	952	7	16	9	9
disneystore.de*	276	952	76	16	1	19
disneystore.de*	276	952	12	16	9	10
disneystore.de*	276	952	72	16	1	20
disneystore.de*	276	952	13	16	9	11
