countryname	country	mobile	domain	ga:month	ga:year	ga:devicecategory	ga:sessions	>100k
Canada	124	0	biotherm.ca	1	2016	mobile	20123	0
Canada	124	0	biotherm.ca	1	2017	mobile	25574	0
Canada	124	0	biotherm.ca	2	2016	mobile	21984	0
Canada	124	0	biotherm.ca	2	2017	mobile	25531	0
Canada	124	0	biotherm.ca	3	2016	mobile	24576	0
Canada	124	0	biotherm.ca	3	2017	mobile	31080	0
Canada	124	0	biotherm.ca	4	2016	mobile	25842	0
Canada	124	0	biotherm.ca	4	2017	mobile	34415	0
Canada	124	0	biotherm.ca	5	2015	mobile	23222	0
Canada	124	0	biotherm.ca	5	2016	mobile	25518	0
Canada	124	0	biotherm.ca	5	2017	mobile	37310	0
Canada	124	0	biotherm.ca	6	2015	mobile	21864	0
Canada	124	0	biotherm.ca	6	2016	mobile	31953	0
Canada	124	0	biotherm.ca	7	2015	mobile	23159	0
Canada	124	0	biotherm.ca	7	2016	mobile	39702	0
Canada	124	0	biotherm.ca	8	2015	mobile	20276	0
Canada	124	0	biotherm.ca	8	2016	mobile	20488	0
Canada	124	0	biotherm.ca	9	2015	mobile	19167	0
Canada	124	0	biotherm.ca	9	2016	mobile	22930	0
Canada	124	0	biotherm.ca	10	2015	mobile	20312	0
Canada	124	0	biotherm.ca	10	2016	mobile	33655	0
Canada	124	0	biotherm.ca	11	2015	mobile	38356	0
Canada	124	0	biotherm.ca	11	2016	mobile	44144	0
Canada	124	0	biotherm.ca	12	2015	mobile	25490	0
Canada	124	0	biotherm.ca	12	2016	mobile	29014	0
Canada	124	0	clarisonic.ca	1	2016	mobile	28949	0
Canada	124	0	clarisonic.ca	1	2017	mobile	25785	0
Canada	124	0	clarisonic.ca	2	2016	mobile	21380	0
Canada	124	0	clarisonic.ca	2	2017	mobile	21524	0
Canada	124	0	clarisonic.ca	3	2016	mobile	28845	0
Canada	124	0	clarisonic.ca	3	2017	mobile	27665	0
Canada	124	0	clarisonic.ca	4	2016	mobile	34609	0
Canada	124	0	clarisonic.ca	4	2017	mobile	23823	0
Canada	124	0	clarisonic.ca	5	2015	mobile	17404	0
Canada	124	0	clarisonic.ca	5	2016	mobile	21547	0
Canada	124	0	clarisonic.ca	5	2017	mobile	36844	0
Canada	124	0	clarisonic.ca	6	2015	mobile	23064	0
Canada	124	0	clarisonic.ca	6	2016	mobile	21041	0
Canada	124	0	clarisonic.ca	7	2015	mobile	26483	0
Canada	124	0	clarisonic.ca	7	2016	mobile	19721	0
Canada	124	0	clarisonic.ca	8	2015	mobile	25703	0
Canada	124	0	clarisonic.ca	8	2016	mobile	17209	0
Canada	124	0	clarisonic.ca	9	2015	mobile	23408	0
Canada	124	0	clarisonic.ca	9	2016	mobile	19309	0
Canada	124	0	clarisonic.ca	10	2015	mobile	22577	0
Canada	124	0	clarisonic.ca	10	2016	mobile	21025	0
Canada	124	0	clarisonic.ca	11	2015	mobile	52808	0
Canada	124	0	clarisonic.ca	11	2016	mobile	53789	0
Canada	124	0	clarisonic.ca	12	2015	mobile	72691	0
Canada	124	0	clarisonic.ca	12	2016	mobile	47244	0
Canada	124	0	decleor.ca	1	2016	mobile	304	0
Canada	124	0	decleor.ca	2	2016	mobile	295	0
Canada	124	0	decleor.ca	2	2017	mobile	1	0
Canada	124	0	decleor.ca	3	2016	mobile	359	0
Canada	124	0	decleor.ca	4	2016	mobile	249	0
Canada	124	0	decleor.ca	5	2015	mobile	290	0
Canada	124	0	decleor.ca	5	2016	mobile	307	0
Canada	124	0	decleor.ca	6	2015	mobile	261	0
Canada	124	0	decleor.ca	6	2016	mobile	228	0
Canada	124	0	decleor.ca	7	2015	mobile	228	0
Canada	124	0	decleor.ca	7	2016	mobile	199	0
Canada	124	0	decleor.ca	8	2015	mobile	297	0
Canada	124	0	decleor.ca	8	2016	mobile	194	0
Canada	124	0	decleor.ca	9	2015	mobile	280	0
Canada	124	0	decleor.ca	9	2016	mobile	109	0
Canada	124	0	decleor.ca	10	2015	mobile	364	0
Canada	124	0	decleor.ca	11	2015	mobile	307	0
Canada	124	0	decleor.ca	11	2016	mobile	26	0
Canada	124	0	decleor.ca	12	2015	mobile	378	0
Canada	124	0	decleor.ca	12	2016	mobile	25	0
Canada	124	0	en.laroche-posay.ca	1	2017	mobile	25205	0
Canada	124	0	en.laroche-posay.ca	2	2017	mobile	27332	0
Canada	124	0	en.laroche-posay.ca	3	2017	mobile	30637	0
Canada	124	0	en.laroche-posay.ca	4	2017	mobile	32451	0
Canada	124	0	en.laroche-posay.ca	5	2015	mobile	25681	0
Canada	124	0	en.laroche-posay.ca	5	2017	mobile	40079	0
Canada	124	0	en.laroche-posay.ca	6	2015	mobile	21811	0
Canada	124	0	en.laroche-posay.ca	7	2015	mobile	26382	0
Canada	124	0	en.laroche-posay.ca	8	2015	mobile	26161	0
Canada	124	0	en.laroche-posay.ca	9	2015	mobile	20733	0
Canada	124	0	en.laroche-posay.ca	10	2015	mobile	26718	0
Canada	124	0	en.laroche-posay.ca	11	2015	mobile	29761	0
Canada	124	0	en.laroche-posay.ca	12	2015	mobile	32717	0
Canada	124	0	essie.ca	1	2016	mobile	8457	0
Canada	124	0	essie.ca	1	2017	mobile	18854	0
Canada	124	0	essie.ca	2	2016	mobile	7764	0
Canada	124	0	essie.ca	2	2017	mobile	33665	0
Canada	124	0	essie.ca	3	2016	mobile	9053	0
Canada	124	0	essie.ca	3	2017	mobile	31159	0
Canada	124	0	essie.ca	4	2016	mobile	7282	0
Canada	124	0	essie.ca	4	2017	mobile	21466	0
Canada	124	0	essie.ca	5	2015	mobile	7650	0
Canada	124	0	essie.ca	5	2016	mobile	11547	0
Canada	124	0	essie.ca	5	2017	mobile	31489	0
Canada	124	0	essie.ca	6	2015	mobile	11157	0
Canada	124	0	essie.ca	6	2016	mobile	21757	0
Canada	124	0	essie.ca	7	2015	mobile	11762	0
Canada	124	0	essie.ca	7	2016	mobile	17678	0
Canada	124	0	essie.ca	8	2015	mobile	9608	0
Canada	124	0	essie.ca	8	2016	mobile	18762	0
Canada	124	0	essie.ca	9	2015	mobile	8769	0
Canada	124	0	essie.ca	9	2016	mobile	15250	0
Canada	124	0	essie.ca	10	2015	mobile	9320	0
Canada	124	0	essie.ca	10	2016	mobile	28570	0
Canada	124	0	essie.ca	11	2015	mobile	7868	0
Canada	124	0	essie.ca	11	2016	mobile	17426	0
Canada	124	0	essie.ca	12	2015	mobile	9521	0
Canada	124	0	essie.ca	12	2016	mobile	30550	0
Canada	124	0	garnier.ca	1	2016	mobile	35289	0
Canada	124	0	garnier.ca	1	2017	mobile	22528	0
Canada	124	0	garnier.ca	2	2016	mobile	43734	0
Canada	124	0	garnier.ca	2	2017	mobile	24092	0
Canada	124	0	garnier.ca	3	2016	mobile	36537	0
Canada	124	0	garnier.ca	3	2017	mobile	25786	0
Canada	124	0	garnier.ca	4	2016	mobile	34554	0
Canada	124	0	garnier.ca	4	2017	mobile	32911	0
Canada	124	0	garnier.ca	5	2015	mobile	28990	0
Canada	124	0	garnier.ca	5	2016	mobile	36736	0
Canada	124	0	garnier.ca	5	2017	mobile	80264	0
Canada	124	0	garnier.ca	6	2015	mobile	29437	0
Canada	124	0	garnier.ca	6	2016	mobile	32433	0
Canada	124	0	garnier.ca	7	2015	mobile	34122	0
Canada	124	0	garnier.ca	7	2016	mobile	29766	0
Canada	124	0	garnier.ca	8	2015	mobile	32685	0
Canada	124	0	garnier.ca	8	2016	mobile	28321	0
Canada	124	0	garnier.ca	9	2015	mobile	29248	0
Canada	124	0	garnier.ca	9	2016	mobile	27180	0
Canada	124	0	garnier.ca	10	2015	mobile	27146	0
Canada	124	0	garnier.ca	10	2016	mobile	30954	0
Canada	124	0	garnier.ca	11	2015	mobile	23742	0
Canada	124	0	garnier.ca	11	2016	mobile	25104	0
Canada	124	0	garnier.ca	12	2015	mobile	23269	0
Canada	124	0	garnier.ca	12	2016	mobile	24529	0
Canada	124	0	kerastase.ca	1	2016	mobile	15077	0
Canada	124	0	kerastase.ca	1	2017	mobile	19376	0
Canada	124	0	kerastase.ca	2	2016	mobile	16156	0
Canada	124	0	kerastase.ca	2	2017	mobile	18369	0
Canada	124	0	kerastase.ca	3	2016	mobile	17614	0
Canada	124	0	kerastase.ca	3	2017	mobile	19489	0
Canada	124	0	kerastase.ca	4	2016	mobile	17118	0
Canada	124	0	kerastase.ca	4	2017	mobile	19262	0
Canada	124	0	kerastase.ca	5	2015	mobile	11351	0
Canada	124	0	kerastase.ca	5	2016	mobile	18451	0
Canada	124	0	kerastase.ca	5	2017	mobile	19642	0
Canada	124	0	kerastase.ca	6	2015	mobile	13080	0
Canada	124	0	kerastase.ca	6	2016	mobile	17063	0
Canada	124	0	kerastase.ca	7	2015	mobile	13341	0
Canada	124	0	kerastase.ca	7	2016	mobile	17573	0
Canada	124	0	kerastase.ca	8	2015	mobile	16554	0
Canada	124	0	kerastase.ca	8	2016	mobile	18519	0
Canada	124	0	kerastase.ca	9	2015	mobile	18472	0
Canada	124	0	kerastase.ca	9	2016	mobile	17335	0
Canada	124	0	kerastase.ca	10	2015	mobile	17827	0
Canada	124	0	kerastase.ca	10	2016	mobile	22891	0
Canada	124	0	kerastase.ca	11	2015	mobile	28037	0
Canada	124	0	kerastase.ca	11	2016	mobile	32616	0
Canada	124	0	kerastase.ca	12	2015	mobile	22303	0
Canada	124	0	kerastase.ca	12	2016	mobile	25810	0
Canada	124	0	kiehls.ca	1	2017	mobile	104601	1
Canada	124	0	kiehls.ca	2	2017	mobile	86650	0
Canada	124	0	kiehls.ca	3	2017	mobile	128393	1
Canada	124	0	kiehls.ca	4	2017	mobile	96362	0
Canada	124	0	kiehls.ca	5	2015	mobile	113355	1
Canada	124	0	kiehls.ca	5	2017	mobile	93885	0
Canada	124	0	kiehls.ca	6	2015	mobile	85208	0
Canada	124	0	kiehls.ca	7	2015	mobile	59065	0
Canada	124	0	kiehls.ca	8	2015	mobile	69775	0
Canada	124	0	kiehls.ca	9	2015	mobile	101058	1
Canada	124	0	kiehls.ca	10	2015	mobile	82029	0
Canada	124	0	kiehls.ca	11	2015	mobile	136261	1
Canada	124	0	kiehls.ca	12	2015	mobile	80334	0
Canada	124	0	lancome.ca	1	2017	mobile	73468	0
Canada	124	0	lancome.ca	2	2017	mobile	70724	0
Canada	124	0	lancome.ca	3	2017	mobile	73311	0
Canada	124	0	lancome.ca	4	2017	mobile	79347	0
Canada	124	0	lancome.ca	5	2017	mobile	77930	0
Canada	124	0	lorealprofessionnel.ca	2	2017	mobile	1	0
France	250	1	armanibeauty.fr	1	2016	mobile	5768	0
France	250	1	armanibeauty.fr	1	2017	mobile	12228	0
France	250	1	armanibeauty.fr	2	2016	mobile	7432	0
France	250	1	armanibeauty.fr	2	2017	mobile	10250	0
France	250	1	armanibeauty.fr	3	2016	mobile	12338	0
France	250	1	armanibeauty.fr	3	2017	mobile	10233	0
France	250	1	armanibeauty.fr	4	2016	mobile	9762	0
France	250	1	armanibeauty.fr	4	2017	mobile	7590	0
France	250	1	armanibeauty.fr	5	2015	mobile	21066	0
France	250	1	armanibeauty.fr	5	2016	mobile	8908	0
France	250	1	armanibeauty.fr	5	2017	mobile	6865	0
France	250	1	armanibeauty.fr	6	2015	mobile	5668	0
France	250	1	armanibeauty.fr	6	2016	mobile	6841	0
France	250	1	armanibeauty.fr	7	2015	mobile	5011	0
France	250	1	armanibeauty.fr	7	2016	mobile	5496	0
France	250	1	armanibeauty.fr	8	2015	mobile	5752	0
France	250	1	armanibeauty.fr	8	2016	mobile	9178	0
France	250	1	armanibeauty.fr	9	2015	mobile	6638	0
France	250	1	armanibeauty.fr	9	2016	mobile	12156	0
France	250	1	armanibeauty.fr	10	2015	mobile	8248	0
France	250	1	armanibeauty.fr	10	2016	mobile	15192	0
France	250	1	armanibeauty.fr	11	2015	mobile	7053	0
France	250	1	armanibeauty.fr	11	2016	mobile	18492	0
France	250	1	armanibeauty.fr	12	2015	mobile	9297	0
France	250	1	armanibeauty.fr	12	2016	mobile	17490	0
France	250	1	biotherm.fr	1	2016	mobile	18784	0
France	250	1	biotherm.fr	1	2017	mobile	16694	0
France	250	1	biotherm.fr	2	2016	mobile	21471	0
France	250	1	biotherm.fr	2	2017	mobile	16723	0
France	250	1	biotherm.fr	3	2016	mobile	16150	0
France	250	1	biotherm.fr	3	2017	mobile	24951	0
France	250	1	biotherm.fr	4	2016	mobile	16732	0
France	250	1	biotherm.fr	4	2017	mobile	26894	0
France	250	1	biotherm.fr	5	2015	mobile	22466	0
France	250	1	biotherm.fr	5	2016	mobile	18842	0
France	250	1	biotherm.fr	5	2017	mobile	32621	0
France	250	1	biotherm.fr	6	2015	mobile	18212	0
France	250	1	biotherm.fr	6	2016	mobile	18880	0
France	250	1	biotherm.fr	7	2015	mobile	17944	0
France	250	1	biotherm.fr	7	2016	mobile	16189	0
France	250	1	biotherm.fr	8	2015	mobile	18269	0
France	250	1	biotherm.fr	8	2016	mobile	13660	0
France	250	1	biotherm.fr	9	2015	mobile	16554	0
France	250	1	biotherm.fr	9	2016	mobile	20924	0
France	250	1	biotherm.fr	10	2015	mobile	29808	0
France	250	1	biotherm.fr	10	2016	mobile	24825	0
France	250	1	biotherm.fr	11	2015	mobile	18422	0
France	250	1	biotherm.fr	11	2016	mobile	22690	0
France	250	1	biotherm.fr	12	2015	mobile	20917	0
France	250	1	biotherm.fr	12	2016	mobile	24423	0
France	250	1	carita.fr	1	2016	mobile	421	0
France	250	1	carita.fr	1	2017	mobile	3244	0
France	250	1	carita.fr	2	2016	mobile	11	0
France	250	1	carita.fr	2	2017	mobile	4554	0
France	250	1	carita.fr	3	2016	mobile	3	0
France	250	1	carita.fr	3	2017	mobile	5288	0
France	250	1	carita.fr	4	2017	mobile	4953	0
France	250	1	carita.fr	5	2015	mobile	5797	0
France	250	1	carita.fr	5	2017	mobile	5944	0
France	250	1	carita.fr	6	2015	mobile	4582	0
France	250	1	carita.fr	7	2015	mobile	4660	0
France	250	1	carita.fr	7	2016	mobile	2	0
France	250	1	carita.fr	8	2015	mobile	4618	0
France	250	1	carita.fr	9	2015	mobile	5072	0
France	250	1	carita.fr	10	2015	mobile	5609	0
France	250	1	carita.fr	10	2016	mobile	1	0
France	250	1	carita.fr	11	2015	mobile	4771	0
France	250	1	carita.fr	11	2016	mobile	29	0
France	250	1	carita.fr	12	2015	mobile	6028	0
France	250	1	carita.fr	12	2016	mobile	30	0
France	250	1	clarisonic.fr	1	2016	mobile	9858	0
France	250	1	clarisonic.fr	1	2017	mobile	4390	0
France	250	1	clarisonic.fr	2	2016	mobile	6319	0
France	250	1	clarisonic.fr	2	2017	mobile	3251	0
France	250	1	clarisonic.fr	3	2016	mobile	5760	0
France	250	1	clarisonic.fr	3	2017	mobile	4291	0
France	250	1	clarisonic.fr	4	2016	mobile	6487	0
France	250	1	clarisonic.fr	4	2017	mobile	28864	0
France	250	1	clarisonic.fr	5	2015	mobile	8977	0
France	250	1	clarisonic.fr	5	2016	mobile	22072	0
France	250	1	clarisonic.fr	5	2017	mobile	6984	0
France	250	1	clarisonic.fr	6	2015	mobile	7377	0
France	250	1	clarisonic.fr	6	2016	mobile	25218	0
France	250	1	clarisonic.fr	7	2015	mobile	7400	0
France	250	1	clarisonic.fr	7	2016	mobile	7406	0
France	250	1	clarisonic.fr	8	2015	mobile	6100	0
France	250	1	clarisonic.fr	8	2016	mobile	5289	0
France	250	1	clarisonic.fr	9	2015	mobile	4745	0
France	250	1	clarisonic.fr	9	2016	mobile	4250	0
France	250	1	clarisonic.fr	10	2015	mobile	5755	0
France	250	1	clarisonic.fr	10	2016	mobile	10860	0
France	250	1	clarisonic.fr	11	2015	mobile	6416	0
France	250	1	clarisonic.fr	11	2016	mobile	4706	0
France	250	1	clarisonic.fr	12	2015	mobile	12292	0
France	250	1	clarisonic.fr	12	2016	mobile	21034	0
France	250	1	decleor.fr	1	2016	mobile	10973	0
France	250	1	decleor.fr	1	2017	mobile	17944	0
France	250	1	decleor.fr	2	2016	mobile	10813	0
France	250	1	decleor.fr	2	2017	mobile	11104	0
France	250	1	decleor.fr	3	2016	mobile	12860	0
France	250	1	decleor.fr	3	2017	mobile	13405	0
France	250	1	decleor.fr	4	2016	mobile	9351	0
France	250	1	decleor.fr	4	2017	mobile	15789	0
France	250	1	decleor.fr	5	2015	mobile	2703	0
France	250	1	decleor.fr	5	2016	mobile	6505	0
France	250	1	decleor.fr	5	2017	mobile	13787	0
France	250	1	decleor.fr	6	2015	mobile	5669	0
France	250	1	decleor.fr	6	2016	mobile	5819	0
France	250	1	decleor.fr	7	2015	mobile	5020	0
France	250	1	decleor.fr	7	2016	mobile	5152	0
France	250	1	decleor.fr	8	2015	mobile	4830	0
France	250	1	decleor.fr	8	2016	mobile	5170	0
France	250	1	decleor.fr	9	2015	mobile	5183	0
France	250	1	decleor.fr	9	2016	mobile	5968	0
France	250	1	decleor.fr	10	2015	mobile	9423	0
France	250	1	decleor.fr	10	2016	mobile	12038	0
France	250	1	decleor.fr	11	2015	mobile	9938	0
France	250	1	decleor.fr	11	2016	mobile	18981	0
France	250	1	decleor.fr	12	2015	mobile	11027	0
France	250	1	decleor.fr	12	2016	mobile	17443	0
France	250	1	essie.fr	1	2016	mobile	14420	0
France	250	1	essie.fr	1	2017	mobile	11826	0
France	250	1	essie.fr	2	2016	mobile	11402	0
France	250	1	essie.fr	2	2017	mobile	10731	0
France	250	1	essie.fr	3	2016	mobile	11735	0
France	250	1	essie.fr	3	2017	mobile	10701	0
France	250	1	essie.fr	4	2016	mobile	11603	0
France	250	1	essie.fr	4	2017	mobile	11932	0
France	250	1	essie.fr	5	2015	mobile	16782	0
France	250	1	essie.fr	5	2016	mobile	13079	0
France	250	1	essie.fr	5	2017	mobile	12073	0
France	250	1	essie.fr	6	2015	mobile	16890	0
France	250	1	essie.fr	6	2016	mobile	13136	0
France	250	1	essie.fr	7	2015	mobile	15838	0
France	250	1	essie.fr	7	2016	mobile	24363	0
France	250	1	essie.fr	8	2015	mobile	15569	0
France	250	1	essie.fr	8	2016	mobile	15170	0
France	250	1	essie.fr	9	2015	mobile	13766	0
France	250	1	essie.fr	9	2016	mobile	13455	0
France	250	1	essie.fr	10	2015	mobile	17654	0
France	250	1	essie.fr	10	2016	mobile	15753	0
France	250	1	essie.fr	11	2015	mobile	16377	0
France	250	1	essie.fr	11	2016	mobile	13706	0
France	250	1	essie.fr	12	2015	mobile	18619	0
France	250	1	essie.fr	12	2016	mobile	14554	0
France	250	1	garnier.fr	1	2016	mobile	195561	1
France	250	1	garnier.fr	1	2017	mobile	128596	1
France	250	1	garnier.fr	2	2016	mobile	177310	1
France	250	1	garnier.fr	2	2017	mobile	128786	1
France	250	1	garnier.fr	3	2016	mobile	168792	1
France	250	1	garnier.fr	3	2017	mobile	222657	1
France	250	1	garnier.fr	4	2016	mobile	247507	1
France	250	1	garnier.fr	4	2017	mobile	216369	1
France	250	1	garnier.fr	5	2015	mobile	137669	1
France	250	1	garnier.fr	5	2016	mobile	230202	1
France	250	1	garnier.fr	5	2017	mobile	349685	1
France	250	1	garnier.fr	6	2015	mobile	217657	1
France	250	1	garnier.fr	6	2016	mobile	244272	1
France	250	1	garnier.fr	7	2015	mobile	304847	1
France	250	1	garnier.fr	7	2016	mobile	226658	1
France	250	1	garnier.fr	8	2015	mobile	224044	1
France	250	1	garnier.fr	8	2016	mobile	208746	1
France	250	1	garnier.fr	9	2015	mobile	363634	1
France	250	1	garnier.fr	9	2016	mobile	179603	1
France	250	1	garnier.fr	10	2015	mobile	345966	1
France	250	1	garnier.fr	10	2016	mobile	139160	1
France	250	1	garnier.fr	11	2015	mobile	226607	1
France	250	1	garnier.fr	11	2016	mobile	174929	1
France	250	1	garnier.fr	12	2015	mobile	167883	1
France	250	1	garnier.fr	12	2016	mobile	190889	1
France	250	1	get-the-look.fr	1	2017	mobile	97186	0
France	250	1	get-the-look.fr	2	2017	mobile	134458	1
France	250	1	get-the-look.fr	3	2017	mobile	148140	1
France	250	1	get-the-look.fr	4	2017	mobile	85615	0
France	250	1	get-the-look.fr	5	2017	mobile	89032	0
France	250	1	kiehls.fr	1	2017	mobile	58826	0
France	250	1	kiehls.fr	2	2017	mobile	100176	1
France	250	1	kiehls.fr	3	2017	mobile	58955	0
France	250	1	kiehls.fr	4	2017	mobile	66216	0
France	250	1	kiehls.fr	5	2015	mobile	36037	0
France	250	1	kiehls.fr	5	2017	mobile	70375	0
France	250	1	kiehls.fr	6	2015	mobile	35358	0
France	250	1	kiehls.fr	7	2015	mobile	31707	0
France	250	1	kiehls.fr	8	2015	mobile	75921	0
France	250	1	kiehls.fr	9	2015	mobile	58878	0
France	250	1	kiehls.fr	10	2015	mobile	45441	0
France	250	1	kiehls.fr	11	2015	mobile	68843	0
France	250	1	kiehls.fr	12	2015	mobile	121855	1
France	250	1	lancome.fr	1	2017	mobile	145403	1
France	250	1	lancome.fr	2	2017	mobile	244348	1
France	250	1	lancome.fr	3	2017	mobile	192557	1
France	250	1	lancome.fr	4	2017	mobile	125140	1
France	250	1	lancome.fr	5	2017	mobile	133680	1
France	250	1	laroche-posay.fr	1	2017	mobile	228739	1
France	250	1	laroche-posay.fr	2	2017	mobile	158538	1
France	250	1	laroche-posay.fr	3	2017	mobile	206076	1
France	250	1	laroche-posay.fr	4	2017	mobile	187787	1
France	250	1	laroche-posay.fr	5	2015	mobile	130095	1
France	250	1	laroche-posay.fr	5	2017	mobile	195232	1
France	250	1	laroche-posay.fr	6	2015	mobile	114878	1
France	250	1	laroche-posay.fr	7	2015	mobile	116170	1
France	250	1	laroche-posay.fr	8	2015	mobile	95178	0
France	250	1	laroche-posay.fr	9	2015	mobile	91301	0
France	250	1	laroche-posay.fr	10	2015	mobile	113161	1
France	250	1	laroche-posay.fr	11	2015	mobile	109233	1
France	250	1	laroche-posay.fr	12	2015	mobile	124053	1
France	250	1	loreal-paris.fr	1	2017	mobile	560127	1
France	250	1	loreal-paris.fr	2	2017	mobile	886391	1
France	250	1	loreal-paris.fr	3	2017	mobile	599787	1
France	250	1	loreal-paris.fr	4	2017	mobile	572624	1
France	250	1	loreal-paris.fr	5	2017	mobile	558344	1
Germany	276	1	armanibeauty.de	1	2017	mobile	6138	0
Germany	276	1	armanibeauty.de	2	2017	mobile	8174	0
Germany	276	1	armanibeauty.de	3	2017	mobile	6052	0
Germany	276	1	armanibeauty.de	4	2017	mobile	4069	0
Germany	276	1	armanibeauty.de	5	2017	mobile	6047	0
Germany	276	1	armanibeauty.de	7	2016	mobile	472	0
Germany	276	1	armanibeauty.de	8	2016	mobile	6245	0
Germany	276	1	armanibeauty.de	9	2016	mobile	6177	0
Germany	276	1	armanibeauty.de	10	2016	mobile	12490	0
Germany	276	1	armanibeauty.de	11	2016	mobile	6479	0
Germany	276	1	armanibeauty.de	12	2016	mobile	7888	0
Germany	276	1	biotherm.de	1	2017	mobile	25620	0
Germany	276	1	biotherm.de	2	2017	mobile	29139	0
Germany	276	1	biotherm.de	3	2017	mobile	114474	1
Germany	276	1	biotherm.de	4	2017	mobile	26826	0
Germany	276	1	biotherm.de	5	2017	mobile	52412	0
Germany	276	1	biotherm.de	7	2016	mobile	2552	0
Germany	276	1	biotherm.de	8	2016	mobile	50344	0
Germany	276	1	biotherm.de	9	2016	mobile	52533	0
Germany	276	1	biotherm.de	10	2016	mobile	23345	0
Germany	276	1	biotherm.de	11	2016	mobile	25308	0
Germany	276	1	biotherm.de	12	2016	mobile	26325	0
Germany	276	1	carita.de	1	2016	mobile	3	0
Germany	276	1	carita.de	2	2017	mobile	1	0
Germany	276	1	carita.de	3	2016	mobile	2	0
Germany	276	1	carita.de	5	2015	mobile	783	0
Germany	276	1	carita.de	6	2015	mobile	795	0
Germany	276	1	carita.de	7	2015	mobile	646	0
Germany	276	1	carita.de	8	2015	mobile	632	0
Germany	276	1	carita.de	9	2015	mobile	636	0
Germany	276	1	carita.de	10	2015	mobile	661	0
Germany	276	1	carita.de	11	2015	mobile	771	0
Germany	276	1	carita.de	11	2016	mobile	26	0
Germany	276	1	carita.de	12	2015	mobile	861	0
Germany	276	1	carita.de	12	2016	mobile	27	0
Germany	276	1	decleor.de	1	2017	mobile	1254	0
Germany	276	1	decleor.de	2	2017	mobile	1110	0
Germany	276	1	decleor.de	3	2017	mobile	1201	0
Germany	276	1	decleor.de	4	2017	mobile	1018	0
Germany	276	1	decleor.de	5	2017	mobile	1011	0
Germany	276	1	decleor.de	10	2016	mobile	155	0
Germany	276	1	decleor.de	11	2016	mobile	1169	0
Germany	276	1	decleor.de	12	2016	mobile	1311	0
Germany	276	1	essie.de	1	2017	mobile	86578	0
Germany	276	1	essie.de	2	2017	mobile	69212	0
Germany	276	1	essie.de	3	2017	mobile	52867	0
Germany	276	1	essie.de	4	2017	mobile	78599	0
Germany	276	1	essie.de	5	2017	mobile	76623	0
Germany	276	1	essie.de	7	2016	mobile	12701	0
Germany	276	1	essie.de	8	2016	mobile	80666	0
Germany	276	1	essie.de	9	2016	mobile	66154	0
Germany	276	1	essie.de	10	2016	mobile	83387	0
Germany	276	1	essie.de	11	2016	mobile	98992	0
Germany	276	1	essie.de	12	2016	mobile	206949	1
Germany	276	1	garnier.de	1	2017	mobile	379730	1
Germany	276	1	garnier.de	2	2017	mobile	357548	1
Germany	276	1	garnier.de	3	2017	mobile	256377	1
Germany	276	1	garnier.de	4	2017	mobile	424854	1
Germany	276	1	garnier.de	5	2017	mobile	556335	1
Germany	276	1	garnier.de	7	2016	mobile	112775	1
Germany	276	1	garnier.de	8	2016	mobile	843958	1
Germany	276	1	garnier.de	9	2016	mobile	661498	1
Germany	276	1	garnier.de	10	2016	mobile	666596	1
Germany	276	1	garnier.de	11	2016	mobile	485347	1
Germany	276	1	garnier.de	12	2016	mobile	835860	1
Germany	276	1	kerastase.de	1	2017	mobile	18158	0
Germany	276	1	kerastase.de	2	2017	mobile	19979	0
Germany	276	1	kerastase.de	3	2017	mobile	19721	0
Germany	276	1	kerastase.de	4	2017	mobile	8467	0
Germany	276	1	kerastase.de	5	2017	mobile	18072	0
Germany	276	1	larocheposay.de	1	2017	mobile	117169	1
Germany	276	1	larocheposay.de	2	2017	mobile	121750	1
Germany	276	1	larocheposay.de	3	2017	mobile	217368	1
Germany	276	1	larocheposay.de	4	2017	mobile	151187	1
Germany	276	1	larocheposay.de	5	2017	mobile	138387	1
Germany	276	1	lorealprofessionnel.de	1	2017	mobile	18929	0
Germany	276	1	lorealprofessionnel.de	2	2017	mobile	17982	0
Germany	276	1	lorealprofessionnel.de	3	2017	mobile	21421	0
Germany	276	1	lorealprofessionnel.de	4	2017	mobile	57707	0
Germany	276	1	lorealprofessionnel.de	5	2017	mobile	23406	0
Russia	643	1	carita.com.ru	1	2016	mobile	1054	0
Russia	643	1	carita.com.ru	1	2017	mobile	713	0
Russia	643	1	carita.com.ru	2	2016	mobile	1144	0
Russia	643	1	carita.com.ru	2	2017	mobile	772	0
Russia	643	1	carita.com.ru	3	2016	mobile	1483	0
Russia	643	1	carita.com.ru	3	2017	mobile	829	0
Russia	643	1	carita.com.ru	4	2016	mobile	1429	0
Russia	643	1	carita.com.ru	4	2017	mobile	765	0
Russia	643	1	carita.com.ru	5	2016	mobile	2015	0
Russia	643	1	carita.com.ru	5	2017	mobile	727	0
Russia	643	1	carita.com.ru	6	2016	mobile	1642	0
Russia	643	1	carita.com.ru	7	2016	mobile	1804	0
Russia	643	1	carita.com.ru	8	2015	mobile	28	0
Russia	643	1	carita.com.ru	8	2016	mobile	973	0
Russia	643	1	carita.com.ru	9	2015	mobile	243	0
Russia	643	1	carita.com.ru	9	2016	mobile	1094	0
Russia	643	1	carita.com.ru	10	2015	mobile	537	0
Russia	643	1	carita.com.ru	10	2016	mobile	1323	0
Russia	643	1	carita.com.ru	11	2015	mobile	694	0
Russia	643	1	carita.com.ru	11	2016	mobile	1791	0
Russia	643	1	carita.com.ru	12	2015	mobile	577	0
Russia	643	1	carita.com.ru	12	2016	mobile	1396	0
Russia	643	1	clarisonic.ru	1	2016	mobile	9048	0
Russia	643	1	clarisonic.ru	1	2017	mobile	7536	0
Russia	643	1	clarisonic.ru	2	2016	mobile	4526	0
Russia	643	1	clarisonic.ru	2	2017	mobile	12121	0
Russia	643	1	clarisonic.ru	3	2016	mobile	18872	0
Russia	643	1	clarisonic.ru	3	2017	mobile	14568	0
Russia	643	1	clarisonic.ru	4	2016	mobile	8555	0
Russia	643	1	clarisonic.ru	4	2017	mobile	9652	0
Russia	643	1	clarisonic.ru	5	2016	mobile	7995	0
Russia	643	1	clarisonic.ru	5	2017	mobile	6913	0
Russia	643	1	clarisonic.ru	6	2016	mobile	8588	0
Russia	643	1	clarisonic.ru	7	2015	mobile	971	0
Russia	643	1	clarisonic.ru	7	2016	mobile	11480	0
Russia	643	1	clarisonic.ru	8	2015	mobile	7757	0
Russia	643	1	clarisonic.ru	8	2016	mobile	12294	0
Russia	643	1	clarisonic.ru	9	2015	mobile	4280	0
Russia	643	1	clarisonic.ru	9	2016	mobile	13890	0
Russia	643	1	clarisonic.ru	10	2015	mobile	4818	0
Russia	643	1	clarisonic.ru	10	2016	mobile	10755	0
Russia	643	1	clarisonic.ru	11	2015	mobile	6958	0
Russia	643	1	clarisonic.ru	11	2016	mobile	7727	0
Russia	643	1	clarisonic.ru	12	2015	mobile	8305	0
Russia	643	1	clarisonic.ru	12	2016	mobile	16171	0
Russia	643	1	garnier.com.ru	1	2016	mobile	153189	1
Russia	643	1	garnier.com.ru	1	2017	mobile	145039	1
Russia	643	1	garnier.com.ru	2	2016	mobile	513473	1
Russia	643	1	garnier.com.ru	2	2017	mobile	336454	1
Russia	643	1	garnier.com.ru	3	2016	mobile	198227	1
Russia	643	1	garnier.com.ru	3	2017	mobile	201857	1
Russia	643	1	garnier.com.ru	4	2016	mobile	131676	1
Russia	643	1	garnier.com.ru	4	2017	mobile	132251	1
Russia	643	1	garnier.com.ru	5	2015	mobile	82458	0
Russia	643	1	garnier.com.ru	5	2016	mobile	126356	1
Russia	643	1	garnier.com.ru	5	2017	mobile	147040	1
Russia	643	1	garnier.com.ru	6	2015	mobile	80086	0
Russia	643	1	garnier.com.ru	6	2016	mobile	235247	1
Russia	643	1	garnier.com.ru	7	2015	mobile	76519	0
Russia	643	1	garnier.com.ru	7	2016	mobile	128673	1
Russia	643	1	garnier.com.ru	8	2015	mobile	91919	0
Russia	643	1	garnier.com.ru	8	2016	mobile	302753	1
Russia	643	1	garnier.com.ru	9	2015	mobile	265836	1
Russia	643	1	garnier.com.ru	9	2016	mobile	160110	1
Russia	643	1	garnier.com.ru	10	2015	mobile	147348	1
Russia	643	1	garnier.com.ru	10	2016	mobile	273385	1
Russia	643	1	garnier.com.ru	11	2015	mobile	98817	0
Russia	643	1	garnier.com.ru	11	2016	mobile	224594	1
Russia	643	1	garnier.com.ru	12	2015	mobile	282424	1
Russia	643	1	garnier.com.ru	12	2016	mobile	374737	1
Russia	643	1	helenarubinstein.com	1	2016	mobile	2696	0
Russia	643	1	helenarubinstein.com	1	2017	mobile	2233	0
Russia	643	1	helenarubinstein.com	2	2016	mobile	2520	0
Russia	643	1	helenarubinstein.com	2	2017	mobile	2053	0
Russia	643	1	helenarubinstein.com	3	2016	mobile	2882	0
Russia	643	1	helenarubinstein.com	3	2017	mobile	2368	0
Russia	643	1	helenarubinstein.com	4	2016	mobile	2003	0
Russia	643	1	helenarubinstein.com	4	2017	mobile	1821	0
Russia	643	1	helenarubinstein.com	5	2015	mobile	2440	0
Russia	643	1	helenarubinstein.com	5	2016	mobile	1747	0
Russia	643	1	helenarubinstein.com	5	2017	mobile	1463	0
Russia	643	1	helenarubinstein.com	6	2015	mobile	2015	0
Russia	643	1	helenarubinstein.com	6	2016	mobile	1576	0
Russia	643	1	helenarubinstein.com	7	2015	mobile	2405	0
Russia	643	1	helenarubinstein.com	7	2016	mobile	1493	0
Russia	643	1	helenarubinstein.com	8	2015	mobile	2505	0
Russia	643	1	helenarubinstein.com	8	2016	mobile	1628	0
Russia	643	1	helenarubinstein.com	9	2015	mobile	2566	0
Russia	643	1	helenarubinstein.com	9	2016	mobile	1800	0
Russia	643	1	helenarubinstein.com	10	2015	mobile	2840	0
Russia	643	1	helenarubinstein.com	10	2016	mobile	2014	0
Russia	643	1	helenarubinstein.com	11	2015	mobile	2551	0
Russia	643	1	helenarubinstein.com	11	2016	mobile	1972	0
Russia	643	1	helenarubinstein.com	12	2015	mobile	2617	0
Russia	643	1	helenarubinstein.com	12	2016	mobile	2169	0
Russia	643	1	kerastase.ru	1	2017	mobile	35869	0
Russia	643	1	kerastase.ru	2	2017	mobile	36077	0
Russia	643	1	kerastase.ru	3	2017	mobile	50380	0
Russia	643	1	kerastase.ru	4	2017	mobile	45150	0
Russia	643	1	kerastase.ru	5	2015	mobile	31466	0
Russia	643	1	kerastase.ru	5	2017	mobile	37943	0
Russia	643	1	kerastase.ru	6	2015	mobile	19723	0
Russia	643	1	kerastase.ru	7	2015	mobile	20473	0
Russia	643	1	kerastase.ru	8	2015	mobile	28378	0
Russia	643	1	kerastase.ru	9	2015	mobile	31697	0
Russia	643	1	kerastase.ru	10	2015	mobile	26775	0
Russia	643	1	kerastase.ru	11	2015	mobile	27905	0
Russia	643	1	kerastase.ru	12	2015	mobile	22398	0
Russia	643	1	kiehls.ru	1	2017	mobile	87063	0
Russia	643	1	kiehls.ru	2	2017	mobile	86789	0
Russia	643	1	kiehls.ru	3	2017	mobile	121965	1
Russia	643	1	kiehls.ru	4	2017	mobile	90120	0
Russia	643	1	kiehls.ru	5	2017	mobile	82583	0
Russia	643	1	lancome.ru	1	2017	mobile	77979	0
Russia	643	1	lancome.ru	2	2017	mobile	98293	0
Russia	643	1	lancome.ru	3	2017	mobile	92412	0
Russia	643	1	lancome.ru	4	2017	mobile	71242	0
Russia	643	1	lancome.ru	5	2017	mobile	59546	0
Russia	643	1	laroche-posay.ru	1	2017	mobile	196675	1
Russia	643	1	laroche-posay.ru	2	2017	mobile	207797	1
Russia	643	1	laroche-posay.ru	3	2017	mobile	266184	1
Russia	643	1	laroche-posay.ru	4	2017	mobile	253693	1
Russia	643	1	laroche-posay.ru	5	2017	mobile	235073	1
Russia	643	1	loreal-paris.ru	1	2017	mobile	443751	1
Russia	643	1	loreal-paris.ru	2	2017	mobile	268471	1
Russia	643	1	loreal-paris.ru	3	2017	mobile	336259	1
Russia	643	1	loreal-paris.ru	4	2017	mobile	401207	1
Russia	643	1	loreal-paris.ru	5	2017	mobile	775450	1
Spain	724	1	carita.es	1	2016	mobile	4	0
Spain	724	1	carita.es	2	2017	mobile	1	0
Spain	724	1	carita.es	3	2016	mobile	2	0
Spain	724	1	carita.es	4	2016	mobile	2	0
Spain	724	1	carita.es	5	2015	mobile	801	0
Spain	724	1	carita.es	6	2015	mobile	672	0
Spain	724	1	carita.es	7	2015	mobile	675	0
Spain	724	1	carita.es	8	2015	mobile	618	0
Spain	724	1	carita.es	9	2015	mobile	637	0
Spain	724	1	carita.es	10	2015	mobile	744	0
Spain	724	1	carita.es	11	2015	mobile	723	0
Spain	724	1	carita.es	11	2016	mobile	26	0
Spain	724	1	carita.es	12	2015	mobile	767	0
Spain	724	1	carita.es	12	2016	mobile	25	0
Spain	724	1	clarisonic.es	1	2016	mobile	11434	0
Spain	724	1	clarisonic.es	1	2017	mobile	10377	0
Spain	724	1	clarisonic.es	2	2016	mobile	12497	0
Spain	724	1	clarisonic.es	2	2017	mobile	12497	0
Spain	724	1	clarisonic.es	3	2016	mobile	8586	0
Spain	724	1	clarisonic.es	3	2017	mobile	12503	0
Spain	724	1	clarisonic.es	4	2016	mobile	8329	0
Spain	724	1	clarisonic.es	4	2017	mobile	25316	0
Spain	724	1	clarisonic.es	5	2015	mobile	2597	0
Spain	724	1	clarisonic.es	5	2016	mobile	11162	0
Spain	724	1	clarisonic.es	5	2017	mobile	10117	0
Spain	724	1	clarisonic.es	6	2015	mobile	8548	0
Spain	724	1	clarisonic.es	6	2016	mobile	15323	0
Spain	724	1	clarisonic.es	7	2015	mobile	3703	0
Spain	724	1	clarisonic.es	7	2016	mobile	10998	0
Spain	724	1	clarisonic.es	8	2015	mobile	4208	0
Spain	724	1	clarisonic.es	8	2016	mobile	5490	0
Spain	724	1	clarisonic.es	9	2015	mobile	3412	0
Spain	724	1	clarisonic.es	9	2016	mobile	8938	0
Spain	724	1	clarisonic.es	10	2015	mobile	3547	0
Spain	724	1	clarisonic.es	10	2016	mobile	13694	0
Spain	724	1	clarisonic.es	11	2015	mobile	8002	0
Spain	724	1	clarisonic.es	11	2016	mobile	15986	0
Spain	724	1	clarisonic.es	12	2015	mobile	20974	0
Spain	724	1	clarisonic.es	12	2016	mobile	17872	0
Spain	724	1	decleor.es	1	2016	mobile	1213	0
Spain	724	1	decleor.es	1	2017	mobile	621	0
Spain	724	1	decleor.es	2	2016	mobile	1099	0
Spain	724	1	decleor.es	2	2017	mobile	1	0
Spain	724	1	decleor.es	3	2016	mobile	1319	0
Spain	724	1	decleor.es	4	2016	mobile	1452	0
Spain	724	1	decleor.es	5	2015	mobile	1455	0
Spain	724	1	decleor.es	5	2016	mobile	1545	0
Spain	724	1	decleor.es	6	2015	mobile	1722	0
Spain	724	1	decleor.es	6	2016	mobile	1384	0
Spain	724	1	decleor.es	7	2015	mobile	1569	0
Spain	724	1	decleor.es	7	2016	mobile	1340	0
Spain	724	1	decleor.es	8	2015	mobile	1323	0
Spain	724	1	decleor.es	8	2016	mobile	1037	0
Spain	724	1	decleor.es	9	2015	mobile	1214	0
Spain	724	1	decleor.es	9	2016	mobile	981	0
Spain	724	1	decleor.es	10	2015	mobile	1260	0
Spain	724	1	decleor.es	10	2016	mobile	1001	0
Spain	724	1	decleor.es	11	2015	mobile	1246	0
Spain	724	1	decleor.es	11	2016	mobile	1215	0
Spain	724	1	decleor.es	12	2015	mobile	1213	0
Spain	724	1	decleor.es	12	2016	mobile	1441	0
Spain	724	1	essie.es	1	2016	mobile	19851	0
Spain	724	1	essie.es	1	2017	mobile	25498	0
Spain	724	1	essie.es	2	2016	mobile	18124	0
Spain	724	1	essie.es	2	2017	mobile	23302	0
Spain	724	1	essie.es	3	2016	mobile	21666	0
Spain	724	1	essie.es	3	2017	mobile	26578	0
Spain	724	1	essie.es	4	2016	mobile	26603	0
Spain	724	1	essie.es	4	2017	mobile	24710	0
Spain	724	1	essie.es	5	2015	mobile	11857	0
Spain	724	1	essie.es	5	2016	mobile	21488	0
Spain	724	1	essie.es	5	2017	mobile	27014	0
Spain	724	1	essie.es	6	2015	mobile	12520	0
Spain	724	1	essie.es	6	2016	mobile	23070	0
Spain	724	1	essie.es	7	2015	mobile	12155	0
Spain	724	1	essie.es	7	2016	mobile	25037	0
Spain	724	1	essie.es	8	2015	mobile	12657	0
Spain	724	1	essie.es	8	2016	mobile	29191	0
Spain	724	1	essie.es	9	2015	mobile	11441	0
Spain	724	1	essie.es	9	2016	mobile	23773	0
Spain	724	1	essie.es	10	2015	mobile	21935	0
Spain	724	1	essie.es	10	2016	mobile	26255	0
Spain	724	1	essie.es	11	2015	mobile	32605	0
Spain	724	1	essie.es	11	2016	mobile	25609	0
Spain	724	1	essie.es	12	2015	mobile	24455	0
Spain	724	1	essie.es	12	2016	mobile	27322	0
Spain	724	1	garnier.es	1	2016	mobile	93638	0
Spain	724	1	garnier.es	1	2017	mobile	161836	1
Spain	724	1	garnier.es	2	2016	mobile	99943	0
Spain	724	1	garnier.es	2	2017	mobile	155394	1
Spain	724	1	garnier.es	3	2016	mobile	175331	1
Spain	724	1	garnier.es	3	2017	mobile	275840	1
Spain	724	1	garnier.es	4	2016	mobile	204667	1
Spain	724	1	garnier.es	4	2017	mobile	227644	1
Spain	724	1	garnier.es	5	2015	mobile	274164	1
Spain	724	1	garnier.es	5	2016	mobile	222383	1
Spain	724	1	garnier.es	5	2017	mobile	229366	1
Spain	724	1	garnier.es	6	2015	mobile	157264	1
Spain	724	1	garnier.es	6	2016	mobile	135967	1
Spain	724	1	garnier.es	7	2015	mobile	200902	1
Spain	724	1	garnier.es	7	2016	mobile	149600	1
Spain	724	1	garnier.es	8	2015	mobile	127922	1
Spain	724	1	garnier.es	8	2016	mobile	266987	1
Spain	724	1	garnier.es	9	2015	mobile	168189	1
Spain	724	1	garnier.es	9	2016	mobile	196066	1
Spain	724	1	garnier.es	10	2015	mobile	85241	0
Spain	724	1	garnier.es	10	2016	mobile	184267	1
Spain	724	1	garnier.es	11	2015	mobile	96499	0
Spain	724	1	garnier.es	11	2016	mobile	162342	1
Spain	724	1	garnier.es	12	2015	mobile	143324	1
Spain	724	1	garnier.es	12	2016	mobile	189250	1
Spain	724	1	kerastase.es	1	2017	mobile	35394	0
Spain	724	1	kerastase.es	2	2017	mobile	38853	0
Spain	724	1	kerastase.es	3	2017	mobile	37272	0
Spain	724	1	kerastase.es	4	2017	mobile	17933	0
Spain	724	1	kerastase.es	5	2015	mobile	28176	0
Spain	724	1	kerastase.es	5	2017	mobile	38491	0
Spain	724	1	kerastase.es	6	2015	mobile	32531	0
Spain	724	1	kerastase.es	7	2015	mobile	30335	0
Spain	724	1	kerastase.es	8	2015	mobile	31463	0
Spain	724	1	kerastase.es	9	2015	mobile	30266	0
Spain	724	1	kerastase.es	10	2015	mobile	36706	0
Spain	724	1	kerastase.es	11	2015	mobile	30553	0
Spain	724	1	kerastase.es	12	2015	mobile	30948	0
Spain	724	1	kiehls.es	1	2017	mobile	72297	0
Spain	724	1	kiehls.es	2	2017	mobile	69883	0
Spain	724	1	kiehls.es	3	2017	mobile	98441	0
Spain	724	1	kiehls.es	4	2017	mobile	93518	0
Spain	724	1	kiehls.es	5	2015	mobile	36009	0
Spain	724	1	kiehls.es	5	2017	mobile	70785	0
Spain	724	1	kiehls.es	6	2015	mobile	67795	0
Spain	724	1	kiehls.es	7	2015	mobile	43826	0
Spain	724	1	kiehls.es	8	2015	mobile	66267	0
Spain	724	1	kiehls.es	9	2015	mobile	66445	0
Spain	724	1	kiehls.es	10	2015	mobile	92159	0
Spain	724	1	kiehls.es	11	2015	mobile	63291	0
Spain	724	1	kiehls.es	12	2015	mobile	60420	0
Spain	724	1	laroche-posay.es	1	2017	mobile	225208	1
Spain	724	1	laroche-posay.es	2	2017	mobile	232190	1
Spain	724	1	laroche-posay.es	3	2017	mobile	229346	1
Spain	724	1	laroche-posay.es	4	2017	mobile	180693	1
Spain	724	1	laroche-posay.es	5	2015	mobile	141591	1
Spain	724	1	laroche-posay.es	5	2017	mobile	170376	1
Spain	724	1	laroche-posay.es	6	2015	mobile	129010	1
Spain	724	1	laroche-posay.es	7	2015	mobile	123085	1
Spain	724	1	laroche-posay.es	8	2015	mobile	122003	1
Spain	724	1	laroche-posay.es	9	2015	mobile	120782	1
Spain	724	1	laroche-posay.es	10	2015	mobile	176895	1
Spain	724	1	laroche-posay.es	11	2015	mobile	145455	1
Spain	724	1	laroche-posay.es	12	2015	mobile	145866	1
Spain	724	1	loreal-paris.es	1	2017	mobile	1034239	1
Spain	724	1	loreal-paris.es	2	2017	mobile	985600	1
Spain	724	1	loreal-paris.es	3	2017	mobile	971179	1
Spain	724	1	loreal-paris.es	4	2017	mobile	939283	1
Spain	724	1	loreal-paris.es	5	2017	mobile	832148	1
Spain	724	1	lorealprofessionnel.es	1	2017	mobile	64289	0
Spain	724	1	lorealprofessionnel.es	2	2017	mobile	70027	0
Spain	724	1	lorealprofessionnel.es	3	2017	mobile	97525	0
Spain	724	1	lorealprofessionnel.es	4	2017	mobile	91612	0
Spain	724	1	lorealprofessionnel.es	5	2017	mobile	100017	1
United Kingdom	826	1	armanibeauty.co.uk	1	2016	mobile	20681	0
United Kingdom	826	1	armanibeauty.co.uk	1	2017	mobile	78483	0
United Kingdom	826	1	armanibeauty.co.uk	2	2016	mobile	24520	0
United Kingdom	826	1	armanibeauty.co.uk	2	2017	mobile	65728	0
United Kingdom	826	1	armanibeauty.co.uk	3	2016	mobile	30100	0
United Kingdom	826	1	armanibeauty.co.uk	3	2017	mobile	91593	0
United Kingdom	826	1	armanibeauty.co.uk	4	2016	mobile	26459	0
United Kingdom	826	1	armanibeauty.co.uk	4	2017	mobile	38130	0
United Kingdom	826	1	armanibeauty.co.uk	5	2015	mobile	17008	0
United Kingdom	826	1	armanibeauty.co.uk	5	2016	mobile	2856	0
United Kingdom	826	1	armanibeauty.co.uk	5	2017	mobile	35434	0
United Kingdom	826	1	armanibeauty.co.uk	6	2015	mobile	17864	0
United Kingdom	826	1	armanibeauty.co.uk	6	2016	mobile	9328	0
United Kingdom	826	1	armanibeauty.co.uk	7	2015	mobile	27961	0
United Kingdom	826	1	armanibeauty.co.uk	7	2016	mobile	13573	0
United Kingdom	826	1	armanibeauty.co.uk	8	2015	mobile	19641	0
United Kingdom	826	1	armanibeauty.co.uk	8	2016	mobile	24221	0
United Kingdom	826	1	armanibeauty.co.uk	9	2015	mobile	18497	0
United Kingdom	826	1	armanibeauty.co.uk	9	2016	mobile	42744	0
United Kingdom	826	1	armanibeauty.co.uk	10	2015	mobile	18830	0
United Kingdom	826	1	armanibeauty.co.uk	10	2016	mobile	65802	0
United Kingdom	826	1	armanibeauty.co.uk	11	2015	mobile	29291	0
United Kingdom	826	1	armanibeauty.co.uk	11	2016	mobile	74096	0
United Kingdom	826	1	armanibeauty.co.uk	12	2015	mobile	30235	0
United Kingdom	826	1	armanibeauty.co.uk	12	2016	mobile	100481	1
United Kingdom	826	1	carita.co.uk	1	2016	mobile	1089	0
United Kingdom	826	1	carita.co.uk	1	2017	mobile	1630	0
United Kingdom	826	1	carita.co.uk	2	2016	mobile	1250	0
United Kingdom	826	1	carita.co.uk	2	2017	mobile	1572	0
United Kingdom	826	1	carita.co.uk	3	2016	mobile	1294	0
United Kingdom	826	1	carita.co.uk	3	2017	mobile	1639	0
United Kingdom	826	1	carita.co.uk	4	2016	mobile	1155	0
United Kingdom	826	1	carita.co.uk	4	2017	mobile	1496	0
United Kingdom	826	1	carita.co.uk	5	2015	mobile	1132	0
United Kingdom	826	1	carita.co.uk	5	2016	mobile	737	0
United Kingdom	826	1	carita.co.uk	5	2017	mobile	1322	0
United Kingdom	826	1	carita.co.uk	6	2015	mobile	951	0
United Kingdom	826	1	carita.co.uk	6	2016	mobile	759	0
United Kingdom	826	1	carita.co.uk	7	2015	mobile	1027	0
United Kingdom	826	1	carita.co.uk	7	2016	mobile	929	0
United Kingdom	826	1	carita.co.uk	8	2015	mobile	953	0
United Kingdom	826	1	carita.co.uk	8	2016	mobile	934	0
United Kingdom	826	1	carita.co.uk	9	2015	mobile	851	0
United Kingdom	826	1	carita.co.uk	9	2016	mobile	956	0
United Kingdom	826	1	carita.co.uk	10	2015	mobile	894	0
United Kingdom	826	1	carita.co.uk	10	2016	mobile	1289	0
United Kingdom	826	1	carita.co.uk	11	2015	mobile	937	0
United Kingdom	826	1	carita.co.uk	11	2016	mobile	1206	0
United Kingdom	826	1	carita.co.uk	12	2015	mobile	975	0
United Kingdom	826	1	carita.co.uk	12	2016	mobile	1186	0
United Kingdom	826	1	clarisonic.co.uk	1	2016	mobile	20311	0
United Kingdom	826	1	clarisonic.co.uk	1	2017	mobile	17842	0
United Kingdom	826	1	clarisonic.co.uk	2	2016	mobile	16980	0
United Kingdom	826	1	clarisonic.co.uk	2	2017	mobile	13458	0
United Kingdom	826	1	clarisonic.co.uk	3	2016	mobile	18904	0
United Kingdom	826	1	clarisonic.co.uk	3	2017	mobile	13941	0
United Kingdom	826	1	clarisonic.co.uk	4	2016	mobile	16322	0
United Kingdom	826	1	clarisonic.co.uk	4	2017	mobile	14339	0
United Kingdom	826	1	clarisonic.co.uk	5	2015	mobile	17368	0
United Kingdom	826	1	clarisonic.co.uk	5	2016	mobile	20274	0
United Kingdom	826	1	clarisonic.co.uk	5	2017	mobile	12732	0
United Kingdom	826	1	clarisonic.co.uk	6	2015	mobile	16075	0
United Kingdom	826	1	clarisonic.co.uk	6	2016	mobile	20157	0
United Kingdom	826	1	clarisonic.co.uk	7	2015	mobile	16409	0
United Kingdom	826	1	clarisonic.co.uk	7	2016	mobile	16621	0
United Kingdom	826	1	clarisonic.co.uk	8	2015	mobile	17935	0
United Kingdom	826	1	clarisonic.co.uk	8	2016	mobile	26945	0
United Kingdom	826	1	clarisonic.co.uk	9	2015	mobile	14613	0
United Kingdom	826	1	clarisonic.co.uk	9	2016	mobile	19897	0
United Kingdom	826	1	clarisonic.co.uk	10	2015	mobile	16628	0
United Kingdom	826	1	clarisonic.co.uk	10	2016	mobile	18333	0
United Kingdom	826	1	clarisonic.co.uk	11	2015	mobile	31992	0
United Kingdom	826	1	clarisonic.co.uk	11	2016	mobile	31644	0
United Kingdom	826	1	clarisonic.co.uk	12	2015	mobile	29277	0
United Kingdom	826	1	clarisonic.co.uk	12	2016	mobile	31062	0
United Kingdom	826	1	decleor.co.uk	1	2016	mobile	32134	0
United Kingdom	826	1	decleor.co.uk	1	2017	mobile	36197	0
United Kingdom	826	1	decleor.co.uk	2	2016	mobile	48154	0
United Kingdom	826	1	decleor.co.uk	2	2017	mobile	31003	0
United Kingdom	826	1	decleor.co.uk	3	2016	mobile	35964	0
United Kingdom	826	1	decleor.co.uk	3	2017	mobile	39524	0
United Kingdom	826	1	decleor.co.uk	4	2016	mobile	28009	0
United Kingdom	826	1	decleor.co.uk	4	2017	mobile	32372	0
United Kingdom	826	1	decleor.co.uk	5	2015	mobile	26792	0
United Kingdom	826	1	decleor.co.uk	5	2016	mobile	27604	0
United Kingdom	826	1	decleor.co.uk	5	2017	mobile	31999	0
United Kingdom	826	1	decleor.co.uk	6	2015	mobile	28855	0
United Kingdom	826	1	decleor.co.uk	6	2016	mobile	24738	0
United Kingdom	826	1	decleor.co.uk	7	2015	mobile	27818	0
United Kingdom	826	1	decleor.co.uk	7	2016	mobile	24229	0
United Kingdom	826	1	decleor.co.uk	8	2015	mobile	27120	0
United Kingdom	826	1	decleor.co.uk	8	2016	mobile	26922	0
United Kingdom	826	1	decleor.co.uk	9	2015	mobile	25812	0
United Kingdom	826	1	decleor.co.uk	9	2016	mobile	25375	0
United Kingdom	826	1	decleor.co.uk	10	2015	mobile	26983	0
United Kingdom	826	1	decleor.co.uk	10	2016	mobile	32584	0
United Kingdom	826	1	decleor.co.uk	11	2015	mobile	34752	0
United Kingdom	826	1	decleor.co.uk	11	2016	mobile	57638	0
United Kingdom	826	1	decleor.co.uk	12	2015	mobile	29899	0
United Kingdom	826	1	decleor.co.uk	12	2016	mobile	37416	0
United Kingdom	826	1	essie.co.uk	1	2016	mobile	13707	0
United Kingdom	826	1	essie.co.uk	1	2017	mobile	13431	0
United Kingdom	826	1	essie.co.uk	2	2016	mobile	11442	0
United Kingdom	826	1	essie.co.uk	2	2017	mobile	10628	0
United Kingdom	826	1	essie.co.uk	3	2016	mobile	12081	0
United Kingdom	826	1	essie.co.uk	3	2017	mobile	8812	0
United Kingdom	826	1	essie.co.uk	4	2016	mobile	15808	0
United Kingdom	826	1	essie.co.uk	4	2017	mobile	11679	0
United Kingdom	826	1	essie.co.uk	5	2015	mobile	18111	0
United Kingdom	826	1	essie.co.uk	5	2016	mobile	11149	0
United Kingdom	826	1	essie.co.uk	5	2017	mobile	13395	0
United Kingdom	826	1	essie.co.uk	6	2015	mobile	14833	0
United Kingdom	826	1	essie.co.uk	6	2016	mobile	6421	0
United Kingdom	826	1	essie.co.uk	7	2015	mobile	16049	0
United Kingdom	826	1	essie.co.uk	7	2016	mobile	9805	0
United Kingdom	826	1	essie.co.uk	8	2015	mobile	15004	0
United Kingdom	826	1	essie.co.uk	8	2016	mobile	14654	0
United Kingdom	826	1	essie.co.uk	9	2015	mobile	13462	0
United Kingdom	826	1	essie.co.uk	9	2016	mobile	9919	0
United Kingdom	826	1	essie.co.uk	10	2015	mobile	13041	0
United Kingdom	826	1	essie.co.uk	10	2016	mobile	12171	0
United Kingdom	826	1	essie.co.uk	11	2015	mobile	11996	0
United Kingdom	826	1	essie.co.uk	11	2016	mobile	11226	0
United Kingdom	826	1	essie.co.uk	12	2015	mobile	11444	0
United Kingdom	826	1	essie.co.uk	12	2016	mobile	14622	0
United Kingdom	826	1	garnier.co.uk	1	2016	mobile	104394	1
United Kingdom	826	1	garnier.co.uk	1	2017	mobile	132753	1
United Kingdom	826	1	garnier.co.uk	2	2016	mobile	145826	1
United Kingdom	826	1	garnier.co.uk	2	2017	mobile	192466	1
United Kingdom	826	1	garnier.co.uk	3	2016	mobile	108798	1
United Kingdom	826	1	garnier.co.uk	3	2017	mobile	222310	1
United Kingdom	826	1	garnier.co.uk	4	2016	mobile	139928	1
United Kingdom	826	1	garnier.co.uk	4	2017	mobile	201473	1
United Kingdom	826	1	garnier.co.uk	5	2015	mobile	159936	1
United Kingdom	826	1	garnier.co.uk	5	2016	mobile	116953	1
United Kingdom	826	1	garnier.co.uk	5	2017	mobile	204216	1
United Kingdom	826	1	garnier.co.uk	6	2015	mobile	167663	1
United Kingdom	826	1	garnier.co.uk	6	2016	mobile	146814	1
United Kingdom	826	1	garnier.co.uk	7	2015	mobile	287285	1
United Kingdom	826	1	garnier.co.uk	7	2016	mobile	234589	1
United Kingdom	826	1	garnier.co.uk	8	2015	mobile	143771	1
United Kingdom	826	1	garnier.co.uk	8	2016	mobile	251937	1
United Kingdom	826	1	garnier.co.uk	9	2015	mobile	103749	1
United Kingdom	826	1	garnier.co.uk	9	2016	mobile	134869	1
United Kingdom	826	1	garnier.co.uk	10	2015	mobile	73838	0
United Kingdom	826	1	garnier.co.uk	10	2016	mobile	127155	1
United Kingdom	826	1	garnier.co.uk	11	2015	mobile	66872	0
United Kingdom	826	1	garnier.co.uk	11	2016	mobile	98269	0
United Kingdom	826	1	garnier.co.uk	12	2015	mobile	79363	0
United Kingdom	826	1	garnier.co.uk	12	2016	mobile	88793	0
United Kingdom	826	1	kerastase.co.uk	1	2017	mobile	29580	0
United Kingdom	826	1	kerastase.co.uk	2	2017	mobile	22592	0
United Kingdom	826	1	kerastase.co.uk	3	2017	mobile	25665	0
United Kingdom	826	1	kerastase.co.uk	4	2017	mobile	24391	0
United Kingdom	826	1	kerastase.co.uk	5	2015	mobile	24007	0
United Kingdom	826	1	kerastase.co.uk	5	2017	mobile	31615	0
United Kingdom	826	1	kerastase.co.uk	6	2015	mobile	27448	0
United Kingdom	826	1	kerastase.co.uk	7	2015	mobile	33457	0
United Kingdom	826	1	kerastase.co.uk	8	2015	mobile	35397	0
United Kingdom	826	1	kerastase.co.uk	9	2015	mobile	27976	0
United Kingdom	826	1	kerastase.co.uk	10	2015	mobile	29215	0
United Kingdom	826	1	kerastase.co.uk	11	2015	mobile	36825	0
United Kingdom	826	1	kerastase.co.uk	12	2015	mobile	34281	0
United Kingdom	826	1	kiehls.co.uk	1	2017	mobile	155518	1
United Kingdom	826	1	kiehls.co.uk	2	2017	mobile	112649	1
United Kingdom	826	1	kiehls.co.uk	3	2017	mobile	136849	1
United Kingdom	826	1	kiehls.co.uk	4	2017	mobile	126124	1
United Kingdom	826	1	kiehls.co.uk	5	2015	mobile	90828	0
United Kingdom	826	1	kiehls.co.uk	5	2017	mobile	96155	0
United Kingdom	826	1	kiehls.co.uk	6	2015	mobile	73745	0
United Kingdom	826	1	kiehls.co.uk	7	2015	mobile	68880	0
United Kingdom	826	1	kiehls.co.uk	8	2015	mobile	68622	0
United Kingdom	826	1	kiehls.co.uk	9	2015	mobile	69582	0
United Kingdom	826	1	kiehls.co.uk	10	2015	mobile	50729	0
United Kingdom	826	1	kiehls.co.uk	11	2015	mobile	137726	1
United Kingdom	826	1	kiehls.co.uk	12	2015	mobile	127353	1
United Kingdom	826	1	lancome.co.uk	1	2017	mobile	151012	1
United Kingdom	826	1	lancome.co.uk	2	2017	mobile	169161	1
United Kingdom	826	1	lancome.co.uk	3	2017	mobile	186006	1
United Kingdom	826	1	lancome.co.uk	4	2017	mobile	132694	1
United Kingdom	826	1	lancome.co.uk	5	2017	mobile	108466	1
United Kingdom	826	1	loreal-paris.co.uk	1	2017	mobile	419477	1
United Kingdom	826	1	loreal-paris.co.uk	2	2017	mobile	424586	1
United Kingdom	826	1	loreal-paris.co.uk	3	2017	mobile	518941	1
United Kingdom	826	1	loreal-paris.co.uk	4	2017	mobile	372893	1
United Kingdom	826	1	loreal-paris.co.uk	5	2017	mobile	316106	1
United Kingdom	826	1	lorealprofessionnel.co.uk	1	2017	mobile	94227	0
United Kingdom	826	1	lorealprofessionnel.co.uk	2	2017	mobile	98775	0
United Kingdom	826	1	lorealprofessionnel.co.uk	3	2017	mobile	119500	1
United Kingdom	826	1	lorealprofessionnel.co.uk	4	2017	mobile	121361	1
United Kingdom	826	1	lorealprofessionnel.co.uk	5	2017	mobile	120084	1
