clientredirect,country_code,epoch_time,href,prev,q,serverredirect,str_time,userID
,356,1491635537,,http://ironport1.iitk.ac.in/B0001D0000N0000F0000S0000R0004/http://economictimes.indiatimes.com/indices/sensex_30_companies.cms,http://www.stata.com/manuals13/rivregresspostestimation.pdf,,42833.30,qhhhg79a25d6keh1pbpmr4m4hmc
,356,1491635550,,http://www.stata.com/manuals13/rivregresspostestimation.pdf,http://citeseerx.ist.psu.edu/viewdoc/download?doi=10.1.1.85.6326&amp;rep=rep1&amp;type=pdf,,42833.30,qhhhg79a25d6keh1pbpmr4m4hmc
,356,1491635747,https://www.facebook.com/sw?s=push,http://citeseerx.ist.psu.edu/viewdoc/download?doi=10.1.1.85.6326&amp;rep=rep1&amp;type=pdf,https://www.facebook.com/groups/ecoy13/,,42833.30,qhhhg79a25d6keh1pbpmr4m4hmc
,356,1491635769,https://www.facebook.com/sw?s=push,https://www.facebook.com/groups/ecoy13/,https://www.facebook.com/,,42833.30,qhhhg79a25d6keh1pbpmr4m4hmc
,356,1491636408,,https://www.google.co.in/webhp?sourceid=chrome-instant&amp;ion=1&amp;espv=2&amp;ie=UTF-8,https://www.google.co.in/webhp?sourceid=chrome-instant&amp;ion=1&amp;espv=2&amp;ie=UTF-8#q=best+places+to+visit+in+december,,42833.31,qhhhg79a25d6keh1pbpmr4m4hmc
,356,1491636423,,https://www.google.co.in/webhp?sourceid=chrome-instant&amp;ion=1&amp;espv=2&amp;ie=UTF-8#q=best+places+to+visit+in+december,https://www.google.co.in/webhp?sourceid=chrome-instant&amp;ion=1&amp;espv=2&amp;ie=UTF-8#q=best+treks+to+visit+in+december,,42833.31,qhhhg79a25d6keh1pbpmr4m4hmc
,356,1491636650,,https://www.google.co.in/webhp?sourceid=chrome-instant&amp;ion=1&amp;espv=2&amp;ie=UTF-8#q=best+treks+to+visit+in+december,https://www.youtube.com/,,42833.31,qhhhg79a25d6keh1pbpmr4m4hmc
,356,1491636677,https://www.youtube.com/,https://www.youtube.com/,https://www.youtube.com/results?search_query=life+of+tricolor+coldplay,,42833.31,qhhhg79a25d6keh1pbpmr4m4hmc
,356,1491636687,,https://www.youtube.com/results?search_query=life+of+tricolor+coldplay,https://www.youtube.com/watch?v=fXSovfzyx28,,42833.31,qhhhg79a25d6keh1pbpmr4m4hmc
,356,1491636692,,https://www.google.co.in/webhp?sourceid=chrome-instant&amp;ion=1&amp;espv=2&amp;ie=UTF-8,https://www.google.co.in/webhp?sourceid=chrome-instant&amp;ion=1&amp;espv=2&amp;ie=UTF-8#q=coldplay+crew,,42833.31,qhhhg79a25d6keh1pbpmr4m4hmc
,356,1491636704,https://www.google.co.in/,https://www.youtube.com/watch?v=fXSovfzyx28,"https://www.google.co.in/url?sa=t&amp;rct=j&amp;q=&amp;esrc=s&amp;source=web&amp;cd=1&amp;ved=0ahUKEwiDxMbYq5TTAhXJuo8KHQxYBQMQFggZMAA&amp;url=https%3A%2F%2Fen.wikipedia.org%2Fwiki%2FColdplay&amp;usg=AFQjCNEU2Ku7gr1S4uSDJBzbpYV7EzrvJw&amp;sig2=6NIXf2KTWhZmLHk9cic4EA&amp;bvm=bv.152174688,d.c2I",,42833.31,qhhhg79a25d6keh1pbpmr4m4hmc
,356,1491636713,https://www.google.co.in/,https://www.youtube.com/watch?v=fXSovfzyx28,https://en.wikipedia.org/wiki/Coldplay,,42833.31,qhhhg79a25d6keh1pbpmr4m4hmc
,356,1491636972,https://www.youtube.com/watch?v=fXSovfzyx28,https://www.youtube.com/watch?v=fXSovfzyx28,https://www.youtube.com/watch?v=fyMhvkC3A84,,42833.32,qhhhg79a25d6keh1pbpmr4m4hmc
,356,1491637250,https://www.youtube.com/watch?v=fyMhvkC3A84,https://www.youtube.com/watch?v=fyMhvkC3A84,https://www.youtube.com/watch?v=BPNTC7uZYrI,,42833.32,qhhhg79a25d6keh1pbpmr4m4hmc
,356,1491637840,,https://en.wikipedia.org/wiki/Coldplay,https://www.facebook.com/,,42833.33,qhhhg79a25d6keh1pbpmr4m4hmc
,356,1491637840,,https://www.facebook.com/,https://www.facebook.com/,,42833.33,qhhhg79a25d6keh1pbpmr4m4hmc
,356,1491646476,https://gateway.iitk.ac.in:1003/fgtauth?1308339c714d2c37,https://gateway.iitk.ac.in:1003/fgtauth?1308339c714d2c37,https://gateway.iitk.ac.in:1003/,,42833.43,qhhhg79a25d6keh1pbpmr4m4hmc
,356,1491646487,,https://www.facebook.com/,https://www.facebook.com/,,42833.43,qhhhg79a25d6keh1pbpmr4m4hmc
,356,1491646487,,https://gateway.iitk.ac.in:1003/,https://www.facebook.com/,,42833.43,qhhhg79a25d6keh1pbpmr4m4hmc
,356,1491646587,,https://www.youtube.com/watch?v=BPNTC7uZYrI,https://cardgames.io/spades/,,42833.43,qhhhg79a25d6keh1pbpmr4m4hmc
,356,1491646593,,https://cardgames.io/spades/,http://www.cricbuzz.com/,,42833.43,qhhhg79a25d6keh1pbpmr4m4hmc
,356,1491646618,https://www.youtube.com/watch?v=BPNTC7uZYrI,http://www.cricbuzz.com/,https://www.youtube.com/results?search_query=life+of+technicolor,,42833.43,qhhhg79a25d6keh1pbpmr4m4hmc
,356,1491646675,https://cardgames.io/spades/,http://www.cricbuzz.com/,https://cardgames.io/spades/,,42833.43,qhhhg79a25d6keh1pbpmr4m4hmc
,356,1491646692,https://www.youtube.com/results?search_query=life+of+technicolor,https://www.youtube.com/results?search_query=life+of+technicolor,https://www.youtube.com/watch?v=l6JnowS4774,,42833.43,qhhhg79a25d6keh1pbpmr4m4hmc
,356,1491646754,https://cardgames.io/spades/,https://www.youtube.com/watch?v=l6JnowS4774,https://cardgames.io/spades/,,42833.43,qhhhg79a25d6keh1pbpmr4m4hmc
,356,1491646839,https://cardgames.io/spades/,https://www.youtube.com/watch?v=l6JnowS4774,https://cardgames.io/spades/,,42833.43,qhhhg79a25d6keh1pbpmr4m4hmc
,356,1491646905,http://www.cricbuzz.com/,https://cardgames.io/spades/,http://www.cricbuzz.com/,,42833.43,qhhhg79a25d6keh1pbpmr4m4hmc
,356,1491646947,https://cardgames.io/spades/,https://cardgames.io/spades/,https://cardgames.io/spades/,,42833.43,qhhhg79a25d6keh1pbpmr4m4hmc
,356,1491646952,https://cardgames.io/spades/,https://cardgames.io/spades/,https://www.youtube.com/watch?v=fXSovfzyx28,,42833.43,qhhhg79a25d6keh1pbpmr4m4hmc
,356,1491646976,,https://www.youtube.com/watch?v=fXSovfzyx28,http://www.spartanpoker.com/,,42833.43,qhhhg79a25d6keh1pbpmr4m4hmc
,356,1491646989,,https://cardgames.io/spades/,http://www.spartanpoker.in/,,42833.43,qhhhg79a25d6keh1pbpmr4m4hmc
,356,1491647020,,http://www.spartanpoker.in/,https://www.google.co.in/search?q=www.spartanpoker&amp;oq=www.spartanpoker&amp;aqs=chrome..69i57j69i60l2.267j0j4&amp;sourceid=chrome&amp;ie=UTF-8,,42833.43,qhhhg79a25d6keh1pbpmr4m4hmc
,356,1491647042,https://www.google.co.in/,https://cardgames.io/spades/,https://thespartanpoker.com/,,42833.43,qhhhg79a25d6keh1pbpmr4m4hmc
,356,1491647051,https://cardgames.io/spades/,https://thespartanpoker.com/,https://cardgames.io/spades/,,42833.43,qhhhg79a25d6keh1pbpmr4m4hmc
,356,1491647068,https://thespartanpoker.com/,https://thespartanpoker.com/cashier/balance.html,https://thespartanpoker.com/cashier/balance.html,,42833.43,qhhhg79a25d6keh1pbpmr4m4hmc
,356,1491647080,https://thespartanpoker.com/cashier/balance.html,https://thespartanpoker.com/cashier/balance.html,https://thespartanpoker.com/online-poker/tournaments/tournyschedule.html,,42833.43,qhhhg79a25d6keh1pbpmr4m4hmc
,356,1491647093,https://thespartanpoker.com/online-poker/tournaments/tournyschedule.html,https://thespartanpoker.com/online-poker/tournaments/tournyschedule.html,https://thespartanpoker.com/help/poker/overview.html,,42833.43,qhhhg79a25d6keh1pbpmr4m4hmc
,356,1491647101,https://thespartanpoker.com/help/poker/overview.html,https://thespartanpoker.com/help/poker/overview.html,https://thespartanpoker.com/help/tournaments/overview.html,,42833.43,qhhhg79a25d6keh1pbpmr4m4hmc
,356,1491647136,https://thespartanpoker.com/help/tournaments/overview.html,https://cardgames.io/spades/,https://thespartanpoker.com/help/poker/poker-games.html,,42833.43,qhhhg79a25d6keh1pbpmr4m4hmc
,356,1491647156,https://thespartanpoker.com/,https://thespartanpoker.com/help/poker/poker-games.html,https://thespartanpoker.com/,,42833.43,qhhhg79a25d6keh1pbpmr4m4hmc
,356,1491647160,https://thespartanpoker.com/,https://cardgames.io/spades/,https://thespartanpoker.com/lobby/lobbyflash.html#,,42833.43,qhhhg79a25d6keh1pbpmr4m4hmc
,356,1491647213,https://thespartanpoker.com/,https://thespartanpoker.com/lobby/lobbyflash.html#,http://www.cricbuzz.com/,,42833.44,qhhhg79a25d6keh1pbpmr4m4hmc
,356,1491647218,https://thespartanpoker.com/,https://thespartanpoker.com/lobby/lobbyflash.html#,https://thespartanpoker.com/lobby/lobbyflash.html#,,42833.44,qhhhg79a25d6keh1pbpmr4m4hmc
,356,1491647226,https://cardgames.io/spades/,https://www.youtube.com/watch?v=fXSovfzyx28,https://cardgames.io/spades/,,42833.44,qhhhg79a25d6keh1pbpmr4m4hmc
,356,1491647322,https://thespartanpoker.com/lobby/lobbyflash.html,https://thespartanpoker.com/lobby/lobbyflash.html#,https://thespartanpoker.com/lobby/tourneylobbyflash?TOURNAMENTID=a5-92bbef##,,42833.44,qhhhg79a25d6keh1pbpmr4m4hmc
,356,1491647330,https://cardgames.io/spades/,https://cardgames.io/spades/,https://cardgames.io/spades/,,42833.44,qhhhg79a25d6keh1pbpmr4m4hmc
,356,1491647419,https://cardgames.io/spades/,https://cardgames.io/spades/,https://cardgames.io/spades/,,42833.44,qhhhg79a25d6keh1pbpmr4m4hmc
,356,1491647452,https://thespartanpoker.com/lobby/lobbyflash.html,https://thespartanpoker.com/lobby/lobbyflash.html#,https://thespartanpoker.com/lobby/tableflash?TABLEID=a5-9a61a7@a5-9a6e9f&amp;TOURNAMENTID=a5-92c26b#,,42833.44,qhhhg79a25d6keh1pbpmr4m4hmc
,356,1491647523,https://cardgames.io/spades/,https://cardgames.io/spades/,https://cardgames.io/spades/,,42833.44,qhhhg79a25d6keh1pbpmr4m4hmc
,356,1491647523,https://cardgames.io/spades/,https://cardgames.io/spades/,http://www.cricbuzz.com/,,42833.44,qhhhg79a25d6keh1pbpmr4m4hmc
,356,1491647623,https://cardgames.io/spades/,https://cardgames.io/spades/,https://cardgames.io/spades/,,42833.44,qhhhg79a25d6keh1pbpmr4m4hmc
,356,1491647760,https://cardgames.io/spades/,https://thespartanpoker.com/lobby/lobbyflash.html#,https://cardgames.io/hearts/,,42833.44,qhhhg79a25d6keh1pbpmr4m4hmc
,356,1491647829,http://www.cricbuzz.com/,https://thespartanpoker.com/lobby/tableflash?TABLEID=a5-9a61a7@a5-9a6e9f&amp;TOURNAMENTID=a5-92c26b#,http://www.cricbuzz.com/,,42833.44,qhhhg79a25d6keh1pbpmr4m4hmc
,356,1491647844,https://cardgames.io/hearts/,https://cardgames.io/hearts/,https://cardgames.io/hearts/,,42833.44,qhhhg79a25d6keh1pbpmr4m4hmc
,356,1491647941,https://cardgames.io/hearts/,https://cardgames.io/hearts/,https://cardgames.io/hearts/,,42833.44,qhhhg79a25d6keh1pbpmr4m4hmc
,356,1491648045,https://cardgames.io/hearts/,https://thespartanpoker.com/lobby/tableflash?TABLEID=a5-9a61a7@a5-9a6e9f&amp;TOURNAMENTID=a5-92c26b#,https://cardgames.io/hearts/,,42833.44,qhhhg79a25d6keh1pbpmr4m4hmc
,356,1491648133,http://www.cricbuzz.com/,https://cardgames.io/hearts/,http://www.cricbuzz.com/,,42833.45,qhhhg79a25d6keh1pbpmr4m4hmc
,356,1491648133,http://www.cricbuzz.com/,https://cardgames.io/hearts/,https://cardgames.io/hearts/,,42833.45,qhhhg79a25d6keh1pbpmr4m4hmc
,356,1491648211,https://cardgames.io/hearts/,https://cardgames.io/hearts/,https://cardgames.io/hearts/,,42833.45,qhhhg79a25d6keh1pbpmr4m4hmc
,356,1491648296,https://cardgames.io/hearts/,https://cardgames.io/hearts/,https://cardgames.io/hearts/,,42833.45,qhhhg79a25d6keh1pbpmr4m4hmc
,356,1491648376,https://cardgames.io/hearts/,https://thespartanpoker.com/lobby/tableflash?TABLEID=a5-9a61a7@a5-9a6e9f&amp;TOURNAMENTID=a5-92c26b#,https://cardgames.io/hearts/,,42833.45,qhhhg79a25d6keh1pbpmr4m4hmc
,356,1491648444,http://www.cricbuzz.com/,https://thespartanpoker.com/lobby/tableflash?TABLEID=a5-9a61a7@a5-9a6e9f&amp;TOURNAMENTID=a5-92c26b#,http://www.cricbuzz.com/,,42833.45,qhhhg79a25d6keh1pbpmr4m4hmc
,356,1491648498,http://www.cricbuzz.com/,http://www.cricbuzz.com/,http://www.cricbuzz.com/live-cricket-scores/18124/kxip-vs-rps-4th-match-indian-premier-league-2017,,42833.45,qhhhg79a25d6keh1pbpmr4m4hmc
,356,1491648513,https://cardgames.io/hearts/,https://thespartanpoker.com/lobby/lobbyflash.html#,https://cardgames.io/hearts/,,42833.45,qhhhg79a25d6keh1pbpmr4m4hmc
,356,1491648523,https://thespartanpoker.com/lobby/lobbyflash.html,https://thespartanpoker.com/lobby/lobbyflash.html#,https://thespartanpoker.com/lobby/tourneylobbyflash?TOURNAMENTID=a5-92c26b##,,42833.45,qhhhg79a25d6keh1pbpmr4m4hmc
,356,1491648626,https://thespartanpoker.com/lobby/lobbyflash.html,https://thespartanpoker.com/lobby/lobbyflash.html#,https://thespartanpoker.com/lobby/tourneylobbyflash?TOURNAMENTID=a5-92c26b##,,42833.45,qhhhg79a25d6keh1pbpmr4m4hmc
,356,1491648704,https://cardgames.io/hearts/,https://cardgames.io/hearts/,https://cardgames.io/hearts/,,42833.45,qhhhg79a25d6keh1pbpmr4m4hmc
,356,1491648711,https://thespartanpoker.com/,https://thespartanpoker.com/,https://thespartanpoker.com/lobby/lobbyflash.html#,,42833.45,qhhhg79a25d6keh1pbpmr4m4hmc
,356,1491648762,https://thespartanpoker.com/lobby/lobbyflash.html,https://thespartanpoker.com/lobby/lobbyflash.html#,https://thespartanpoker.com/lobby/tourneylobbyflash?TOURNAMENTID=a5-92c26b##,,42833.45,qhhhg79a25d6keh1pbpmr4m4hmc
,356,1491648846,https://thespartanpoker.com/,https://thespartanpoker.com/,https://thespartanpoker.com/lobby/lobbyflash.html#,,42833.45,qhhhg79a25d6keh1pbpmr4m4hmc
,356,1491648878,https://thespartanpoker.com/lobby/lobbyflash.html,https://thespartanpoker.com/lobby/lobbyflash.html#,https://thespartanpoker.com/lobby/tableflash?TABLEID=a5-9a61a7@a5-9a6e9f&amp;TOURNAMENTID=a5-92c26b#,,42833.45,qhhhg79a25d6keh1pbpmr4m4hmc
,356,1491648882,https://thespartanpoker.com/lobby/lobbyflash.html,https://thespartanpoker.com/lobby/tableflash?TABLEID=a5-9a61a7@a5-9a6e9f&amp;TOURNAMENTID=a5-92c26b#,https://thespartanpoker.com/events-box.html?type=LIGHTBOX#,,42833.45,qhhhg79a25d6keh1pbpmr4m4hmc
,356,1491648895,https://cardgames.io/hearts/,https://thespartanpoker.com/lobby/tableflash?TABLEID=a5-9a61a7@a5-9a6e9f&amp;TOURNAMENTID=a5-92c26b#,https://cardgames.io/hearts/,,42833.45,qhhhg79a25d6keh1pbpmr4m4hmc
,356,1491649016,https://cardgames.io/hearts/,https://thespartanpoker.com/lobby/tableflash?TABLEID=a5-9a61a7@a5-9a6e9f&amp;TOURNAMENTID=a5-92c26b#,https://cardgames.io/hearts/,,42833.46,qhhhg79a25d6keh1pbpmr4m4hmc
,356,1491649105,https://cardgames.io/hearts/,https://thespartanpoker.com/lobby/tableflash?TABLEID=a5-9a61a7@a5-9a6e9f&amp;TOURNAMENTID=a5-92c26b#,https://cardgames.io/hearts/,,42833.46,qhhhg79a25d6keh1pbpmr4m4hmc
,356,1491649199,https://cardgames.io/hearts/,https://thespartanpoker.com/lobby/tableflash?TABLEID=a5-9a61a7@a5-9a6e9f&amp;TOURNAMENTID=a5-92c26b#,https://cardgames.io/hearts/,,42833.46,qhhhg79a25d6keh1pbpmr4m4hmc
,356,1491649330,https://cardgames.io/hearts/,https://cardgames.io/hearts/,https://cardgames.io/hearts/,,42833.46,qhhhg79a25d6keh1pbpmr4m4hmc
,356,1491649558,http://www.cricbuzz.com/live-cricket-scores/18124/kxip-vs-rps-4th-match-indian-premier-league-2017,http://www.cricbuzz.com/live-cricket-scores/18124/kxip-vs-rps-4th-match-indian-premier-league-2017,http://www.cricbuzz.com/profiles/2250/steven-smith,,42833.46,qhhhg79a25d6keh1pbpmr4m4hmc
,356,1491649574,http://www.cricbuzz.com/live-cricket-scores/18124/kxip-vs-rps-4th-match-indian-premier-league-2017,https://thespartanpoker.com/lobby/tableflash?TABLEID=a5-9a61a7@a5-9a6e9f&amp;TOURNAMENTID=a5-92c26b#,http://www.cricbuzz.com/live-cricket-scorecard/18124/kxip-vs-rps-4th-match-indian-premier-league-2017,,42833.46,qhhhg79a25d6keh1pbpmr4m4hmc
,356,1491649806,http://www.cricbuzz.com/,http://www.cricbuzz.com/live-cricket-scores/18124/kxip-vs-rps-4th-match-indian-premier-league-2017,http://www.cricbuzz.com/live-cricket-scores/18124/kxip-vs-rps-4th-match-indian-premier-league-2017,,42833.47,qhhhg79a25d6keh1pbpmr4m4hmc
,356,1491649831,https://thespartanpoker.com/lobby/lobbyflash.html,https://thespartanpoker.com/lobby/lobbyflash.html#,https://thespartanpoker.com/lobby/tourneylobbyflash?TOURNAMENTID=a5-92c26b##,,42833.47,qhhhg79a25d6keh1pbpmr4m4hmc
,356,1491649867,https://thespartanpoker.com/,https://thespartanpoker.com/,https://thespartanpoker.com/lobby/lobbyflash.html#,,42833.47,qhhhg79a25d6keh1pbpmr4m4hmc
,356,1491649900,https://thespartanpoker.com/lobby/lobbyflash.html,https://thespartanpoker.com/lobby/lobbyflash.html#,https://thespartanpoker.com/lobby/tableflash?TABLEID=a5-9a61a7@a5-9a6e9f&amp;TOURNAMENTID=a5-92c26b#,,42833.47,qhhhg79a25d6keh1pbpmr4m4hmc
,356,1491649975,https://piratebay.red/,https://thespartanpoker.com/lobby/tableflash?TABLEID=a5-9a61a7@a5-9a6e9f&amp;TOURNAMENTID=a5-92c26b#,https://piratebay.red/top,,42833.47,qhhhg79a25d6keh1pbpmr4m4hmc
,356,1491649978,,http://www.cricbuzz.com/live-cricket-scores/18124/kxip-vs-rps-4th-match-indian-premier-league-2017,https://piratebay.red/,,42833.47,qhhhg79a25d6keh1pbpmr4m4hmc
,356,1491649983,https://piratebay.red/top,https://piratebay.red/top,https://piratebay.red/top/500,,42833.47,qhhhg79a25d6keh1pbpmr4m4hmc
,356,1491649993,https://piratebay.red/top/500,https://piratebay.red/top/500,https://piratebay.red/torrent/17519423/%5BBabyGotBoobs___Brazzers%5D_Dillion_Harper_(08.04.2017)_%5B.mp4%5D,,42833.47,qhhhg79a25d6keh1pbpmr4m4hmc
,356,1491650514,https://www.youtube.com/watch?v=fXSovfzyx28,https://thespartanpoker.com/lobby/tableflash?TABLEID=a5-9a61a7@a5-9a6e9f&amp;TOURNAMENTID=a5-92c26b#,https://www.youtube.com/watch?v=hhdSyBHuI88,,42833.47,qhhhg79a25d6keh1pbpmr4m4hmc
,356,1491650915,https://www.youtube.com/watch?v=hhdSyBHuI88,https://thespartanpoker.com/lobby/tableflash?TABLEID=a5-9a61a7@a5-9a6e9f&amp;TOURNAMENTID=a5-92c26b#,https://www.youtube.com/watch?v=MRtRcTfszjY,,42833.48,qhhhg79a25d6keh1pbpmr4m4hmc
,356,1491650935,,https://thespartanpoker.com/lobby/tableflash?TABLEID=a5-9a61a7@a5-9a6e9f&amp;TOURNAMENTID=a5-92c26b#,https://www.google.co.in/webhp?sourceid=chrome-instant&amp;ion=1&amp;espv=2&amp;ie=UTF-8#q=pineapple+ruler,,42833.48,qhhhg79a25d6keh1pbpmr4m4hmc
,356,1491651286,https://www.youtube.com/watch?v=MRtRcTfszjY,https://thespartanpoker.com/lobby/tableflash?TABLEID=a5-9a61a7@a5-9a6e9f&amp;TOURNAMENTID=a5-92c26b#,https://www.youtube.com/watch?v=8HDTS80dlr4,,42833.48,qhhhg79a25d6keh1pbpmr4m4hmc
,356,1491651375,https://thespartanpoker.com/lobby/lobbyflash.html,https://thespartanpoker.com/lobby/tableflash?TABLEID=a5-9a61a7@a5-9a6e9f&amp;TOURNAMENTID=a5-92c26b#,https://thespartanpoker.com/lobby/tourneylobbyflash?TOURNAMENTID=a5-321cfe##,,42833.48,qhhhg79a25d6keh1pbpmr4m4hmc
,356,1491651433,https://thespartanpoker.com/lobby/lobbyflash.html,https://thespartanpoker.com/lobby/tableflash?TABLEID=a5-9a61a7@a5-9a6e9f&amp;TOURNAMENTID=a5-92c26b#,https://thespartanpoker.com/lobby/tourneylobbyflash?TOURNAMENTID=a5-92c26b##,,42833.48,qhhhg79a25d6keh1pbpmr4m4hmc
,356,1491651995,https://www.youtube.com/watch?v=8HDTS80dlr4,https://www.google.co.in/webhp?sourceid=chrome-instant&amp;ion=1&amp;espv=2&amp;ie=UTF-8#q=pineapple+ruler,https://www.youtube.com/watch?v=L-9s4nTLSdA,,42833.49,qhhhg79a25d6keh1pbpmr4m4hmc
,356,1491651999,https://www.youtube.com/watch?v=8HDTS80dlr4,https://www.google.co.in/webhp?sourceid=chrome-instant&amp;ion=1&amp;espv=2&amp;ie=UTF-8#q=pineapple+ruler,https://www.google.co.in/webhp?sourceid=chrome-instant&amp;ion=1&amp;espv=2&amp;ie=UTF-8#q=pineapple+cardgame+ruler,,42833.49,qhhhg79a25d6keh1pbpmr4m4hmc
,356,1491652009,https://www.google.co.in/,https://www.google.co.in/webhp?sourceid=chrome-instant&amp;ion=1&amp;espv=2&amp;ie=UTF-8#q=pineapple+cardgame+ruler,"https://www.google.co.in/url?sa=t&amp;rct=j&amp;q=&amp;esrc=s&amp;source=web&amp;cd=2&amp;ved=0ahUKEwjy46rc5JTTAhVLL48KHU-gDX0QFgghMAE&amp;url=https%3A%2F%2Fin.pokernews.com%2Fpoker-rules%2Fpineapple-open-face-chinese-poker.htm&amp;usg=AFQjCNEkXDdaZqWxc_6JKOGnUiuUf4dmxw&amp;sig2=UOiGzo01bdgY6i8tnE9dDg&amp;bvm=bv.152174688,d.c2I",,42833.49,qhhhg79a25d6keh1pbpmr4m4hmc
,356,1491652020,https://www.google.co.in/,https://www.google.co.in/webhp?sourceid=chrome-instant&amp;ion=1&amp;espv=2&amp;ie=UTF-8#q=pineapple+cardgame+ruler,https://in.pokernews.com/poker-rules/pineapple-open-face-chinese-poker.htm,,42833.49,qhhhg79a25d6keh1pbpmr4m4hmc
,356,1491652054,,https://in.pokernews.com/poker-rules/pineapple-open-face-chinese-poker.htm,https://www.voot.com/,,42833.49,qhhhg79a25d6keh1pbpmr4m4hmc
,356,1491652565,https://www.youtube.com/watch?v=L-9s4nTLSdA,https://www.youtube.com/watch?v=L-9s4nTLSdA,https://www.youtube.com/watch?v=kw4tT7SCmaY,,42833.50,qhhhg79a25d6keh1pbpmr4m4hmc
,356,1491652870,https://www.youtube.com/watch?v=L-9s4nTLSdA,https://www.voot.com/,https://www.voot.com/shows/mtv-roadies-rising/15/479001/who-will-survive-the-culling-/486212,,42833.50,qhhhg79a25d6keh1pbpmr4m4hmc
,356,1491653894,,https://thespartanpoker.com/lobby/tableflash?TABLEID=a5-9a61a7@a5-9a6e9f&amp;TOURNAMENTID=a5-92c26b#,https://www.onlinesbi.com/,,42833.51,qhhhg79a25d6keh1pbpmr4m4hmc
,356,1491653899,,https://www.onlinesbi.com/,https://authenticate.iitk.ac.in/netaccess/loginuser.html,,42833.51,qhhhg79a25d6keh1pbpmr4m4hmc
,356,1491653901,https://authenticate.iitk.ac.in/netaccess/loginuser.html,https://authenticate.iitk.ac.in/netaccess/loginuser.html,https://authenticate.iitk.ac.in/netaccess/loginuser.html,,42833.51,qhhhg79a25d6keh1pbpmr4m4hmc
,356,1491653912,https://thespartanpoker.com/,https://thespartanpoker.com/,https://thespartanpoker.com/lobby/lobbyflash.html#,,42833.51,qhhhg79a25d6keh1pbpmr4m4hmc
,356,1491653927,,https://thespartanpoker.com/lobby/lobbyflash.html#,https://www.voot.com/shows/mtv-roadies-rising/15/479001/who-will-survive-the-culling-/486212,,42833.51,qhhhg79a25d6keh1pbpmr4m4hmc
,356,1491653949,http://www.cricbuzz.com/,https://thespartanpoker.com/,https://ironport1.iitk.ac.in/B0001D0000N0000N0000F0000S0001R0004/172.24.1.179/http://www.cricbuzz.com/live-cricket-scores/18124/kxip-vs-rps-4th-match-indian-premier-league-2017,,42833.51,qhhhg79a25d6keh1pbpmr4m4hmc
,356,1491653953,https://thespartanpoker.com/,https://thespartanpoker.com/,https://thespartanpoker.com/lobby/lobbyflash.html#,,42833.51,qhhhg79a25d6keh1pbpmr4m4hmc
,356,1491654030,https://thespartanpoker.com/,https://thespartanpoker.com/,http://www.cricbuzz.com/live-cricket-scores/18124/kxip-vs-rps-4th-match-indian-premier-league-2017,,42833.51,qhhhg79a25d6keh1pbpmr4m4hmc
,356,1491654030,https://thespartanpoker.com/,https://thespartanpoker.com/,https://thespartanpoker.com/lobby/lobbyflash.html#,,42833.51,qhhhg79a25d6keh1pbpmr4m4hmc
,356,1491654215,https://gateway.iitk.ac.in:1003/fgtauth?17084bc82ffa78b0,http://www.cricbuzz.com/live-cricket-scores/18124/kxip-vs-rps-4th-match-indian-premier-league-2017,https://gateway.iitk.ac.in:1003/,,42833.52,qhhhg79a25d6keh1pbpmr4m4hmc
,356,1491654217,https://gateway.iitk.ac.in:1003/,http://www.cricbuzz.com/live-cricket-scores/18124/kxip-vs-rps-4th-match-indian-premier-league-2017,https://gateway.iitk.ac.in:1003/keepalive?0e0b0d0b0a253b13,,42833.52,qhhhg79a25d6keh1pbpmr4m4hmc
,356,1491654236,https://thespartanpoker.com/lobby/lobbyflash.html,https://thespartanpoker.com/,https://thespartanpoker.com/lobby/tableflash?TABLEID=a5-9c67fa@a5-9db27e&amp;TOURNAMENTID=a5-92c26b#,,42833.52,qhhhg79a25d6keh1pbpmr4m4hmc
,356,1491654241,https://thespartanpoker.com/lobby/lobbyflash.html,https://thespartanpoker.com/lobby/tableflash?TABLEID=a5-9c67fa@a5-9db27e&amp;TOURNAMENTID=a5-92c26b#,https://thespartanpoker.com/events-box.html?type=LIGHTBOX#,,42833.52,qhhhg79a25d6keh1pbpmr4m4hmc
,356,1491654284,https://thespartanpoker.com/lobby/lobbyflash.html,https://thespartanpoker.com/lobby/lobbyflash.html#,https://thespartanpoker.com/lobby/tourneylobbyflash?TOURNAMENTID=a5-92c26b##,,42833.52,qhhhg79a25d6keh1pbpmr4m4hmc
,356,1491654331,https://thespartanpoker.com/,https://www.voot.com/shows/mtv-roadies-rising/15/479001/who-will-survive-the-culling-/486212,https://thespartanpoker.com/lobby/lobbyflash.html#,,42833.52,qhhhg79a25d6keh1pbpmr4m4hmc
,356,1491654359,https://gateway.iitk.ac.in:1003/,http://www.cricbuzz.com/live-cricket-scores/18124/kxip-vs-rps-4th-match-indian-premier-league-2017,https://gateway.iitk.ac.in:1003/keepalive?0e0b0d0b0a253b13,,42833.52,qhhhg79a25d6keh1pbpmr4m4hmc
,356,1491654378,https://thespartanpoker.com/lobby/lobbyflash.html,https://www.voot.com/shows/mtv-roadies-rising/15/479001/who-will-survive-the-culling-/486212,https://thespartanpoker.com/lobby/tableflash?TABLEID=a5-9c67fa@a5-9db27e&amp;TOURNAMENTID=a5-92c26b#,,42833.52,qhhhg79a25d6keh1pbpmr4m4hmc
,356,1491654381,https://thespartanpoker.com/lobby/lobbyflash.html,https://www.voot.com/shows/mtv-roadies-rising/15/479001/who-will-survive-the-culling-/486212,http://www.cricbuzz.com/live-cricket-scores/18124/kxip-vs-rps-4th-match-indian-premier-league-2017,,42833.52,qhhhg79a25d6keh1pbpmr4m4hmc
,356,1491654844,https://thespartanpoker.com/lobby/lobbyflash.html,https://thespartanpoker.com/lobby/lobbyflash.html#,https://thespartanpoker.com/lobby/tableflash?TABLEID=a5-9e2d05@a5-9e5b25&amp;TOURNAMENTID=a5-92bbef#,,42833.52,qhhhg79a25d6keh1pbpmr4m4hmc
,356,1491654852,https://thespartanpoker.com/lobby/lobbyflash.html,https://thespartanpoker.com/lobby/lobbyflash.html#,https://thespartanpoker.com/lobby/tableflash?TABLEID=a5-9e5bfe@a5-9e5c04&amp;TOURNAMENTID=a5-92bbef#,,42833.52,qhhhg79a25d6keh1pbpmr4m4hmc
,356,1491655552,https://thespartanpoker.com/lobby/lobbyflash.html,https://thespartanpoker.com/lobby/tableflash?TABLEID=a5-9e2d05@a5-9e5b25&amp;TOURNAMENTID=a5-92bbef#,https://www.voot.com/shows/untag/1/464200/untag-season-premiere/468818,,42833.53,qhhhg79a25d6keh1pbpmr4m4hmc
,356,1491655608,https://thespartanpoker.com/lobby/lobbyflash.html,https://thespartanpoker.com/lobby/tableflash?TABLEID=a5-9e5bfe@a5-9e5c04&amp;TOURNAMENTID=a5-92bbef#,https://thespartanpoker.com/lobby/tourneylobbyflash?TOURNAMENTID=a5-92c26b##,,42833.53,qhhhg79a25d6keh1pbpmr4m4hmc
,356,1491656042,https://thespartanpoker.com/lobby/lobbyflash.html,https://thespartanpoker.com/lobby/tableflash?TABLEID=a5-9e5bfe@a5-9e5c04&amp;TOURNAMENTID=a5-92bbef#,https://thespartanpoker.com/lobby/tourneylobbyflash?TOURNAMENTID=a5-92bbef##,,42833.54,qhhhg79a25d6keh1pbpmr4m4hmc
,356,1491656449,https://thespartanpoker.com/lobby/lobbyflash.html,https://thespartanpoker.com/lobby/lobbyflash.html#,https://thespartanpoker.com/lobby/tableflash?TABLEID=a5-1f075e#,,42833.54,qhhhg79a25d6keh1pbpmr4m4hmc
,356,1491656472,https://thespartanpoker.com/lobby/lobbyflash.html,https://thespartanpoker.com/lobby/lobbyflash.html#,https://thespartanpoker.com/lobby/tableflash?TABLEID=9c-7a28ee#,,42833.54,qhhhg79a25d6keh1pbpmr4m4hmc
,356,1491656525,https://thespartanpoker.com/,https://thespartanpoker.com/,https://thespartanpoker.com/lobby/lobbyflash.html#,,42833.54,qhhhg79a25d6keh1pbpmr4m4hmc
,356,1491656546,https://thespartanpoker.com/,https://thespartanpoker.com/lobby/lobbyflash.html#,https://thespartanpoker.com/promo/groups.html,,42833.54,qhhhg79a25d6keh1pbpmr4m4hmc
,356,1491656558,https://thespartanpoker.com/lobby/lobbyflash.html,https://thespartanpoker.com/promo/groups.html,https://thespartanpoker.com/events-box.html?type=LIGHTBOX#,,42833.54,qhhhg79a25d6keh1pbpmr4m4hmc
,356,1491656594,https://thespartanpoker.com/lobby/lobbyflash.html,https://thespartanpoker.com/lobby/lobbyflash.html#,https://thespartanpoker.com/lobby/tableflash?TABLEID=9c-7a28ee#,,42833.54,qhhhg79a25d6keh1pbpmr4m4hmc
,356,1491656859,,https://www.google.co.in/webhp?sourceid=chrome-instant&amp;ion=1&amp;espv=2&amp;ie=UTF-8,https://www.google.co.in/webhp?sourceid=chrome-instant&amp;ion=1&amp;espv=2&amp;ie=UTF-8#q=how+to+prepare+for+leh+bike+trip,,42833.55,qhhhg79a25d6keh1pbpmr4m4hmc
,356,1491656861,https://www.google.co.in/,https://www.google.co.in/webhp?sourceid=chrome-instant&amp;ion=1&amp;espv=2&amp;ie=UTF-8#q=how+to+prepare+for+leh+bike+trip,"https://www.google.co.in/url?sa=t&amp;rct=j&amp;q=&amp;esrc=s&amp;source=web&amp;cd=1&amp;ved=0ahUKEwiE7KHn9pTTAhXLRI8KHRoxCa0QFggZMAA&amp;url=https%3A%2F%2Fwww.bcmtouring.com%2Fcms%2Fhow-prepare-your-motorcycle-ladakh%2F&amp;usg=AFQjCNGB5GfYnTvpdLg87hJSiHNNkrfQaw&amp;sig2=KsKOU-w1RDLcJMLDGifSIA&amp;bvm=bv.152174688,d.c2I&amp;cad=rja",,42833.55,qhhhg79a25d6keh1pbpmr4m4hmc
,356,1491656864,https://www.google.co.in/,https://www.google.co.in/webhp?sourceid=chrome-instant&amp;ion=1&amp;espv=2&amp;ie=UTF-8#q=how+to+prepare+for+leh+bike+trip,"https://www.google.co.in/url?sa=t&amp;rct=j&amp;q=&amp;esrc=s&amp;source=web&amp;cd=2&amp;ved=0ahUKEwiE7KHn9pTTAhXLRI8KHRoxCa0QFggeMAE&amp;url=http%3A%2F%2Fwww.rediff.com%2Fgetahead%2Freport%2Fbiking-and-motoring-how-to-prepare-yourself-and-your-bike-for-a-trip-to-ladakh%2F20140918.htm&amp;usg=AFQjCNENz5tvGxkVm0l_Ab1BfIyUeKzT1A&amp;sig2=uWMN4uaai9CxjxVzXNZNcQ&amp;bvm=bv.152174688,d.c2I&amp;cad=rja",,42833.55,qhhhg79a25d6keh1pbpmr4m4hmc
,356,1491656877,https://www.google.co.in/,https://www.google.co.in/webhp?sourceid=chrome-instant&amp;ion=1&amp;espv=2&amp;ie=UTF-8#q=how+to+prepare+for+leh+bike+trip,http://www.rediff.com/getahead/report/biking-and-motoring-how-to-prepare-yourself-and-your-bike-for-a-trip-to-ladakh/20140918.htm,,42833.55,qhhhg79a25d6keh1pbpmr4m4hmc
,356,1491656907,https://www.youtube.com/watch?v=kw4tT7SCmaY,https://www.google.co.in/webhp?sourceid=chrome-instant&amp;ion=1&amp;espv=2&amp;ie=UTF-8#q=how+to+prepare+for+leh+bike+trip,https://www.bcmtouring.com/cms/how-prepare-your-motorcycle-ladakh/,,42833.55,qhhhg79a25d6keh1pbpmr4m4hmc
,356,1491656909,https://www.youtube.com/watch?v=kw4tT7SCmaY,https://www.bcmtouring.com/cms/how-prepare-your-motorcycle-ladakh/,https://www.youtube.com/watch?v=8367ETnagHo,,42833.55,qhhhg79a25d6keh1pbpmr4m4hmc
,356,1491656987,,https://www.google.co.in/webhp?sourceid=chrome-instant&amp;ion=1&amp;espv=2&amp;ie=UTF-8,https://www.google.co.in/webhp?sourceid=chrome-instant&amp;ion=1&amp;espv=2&amp;ie=UTF-8#q=does+bullet+have+tubeless+tyres?,,42833.55,qhhhg79a25d6keh1pbpmr4m4hmc
,356,1491656993,https://www.google.co.in/,https://www.google.co.in/webhp?sourceid=chrome-instant&amp;ion=1&amp;espv=2&amp;ie=UTF-8#q=does+bullet+have+tubeless+tyres?,"https://www.google.co.in/url?sa=t&amp;rct=j&amp;q=&amp;esrc=s&amp;source=web&amp;cd=2&amp;ved=0ahUKEwj5veuj95TTAhWELY8KHUujARkQFggmMAE&amp;url=https%3A%2F%2Fwww.quora.com%2FWhy-doesnt-Royal-enfield-use-tubeless-tyres&amp;usg=AFQjCNEJt8Jrv4NMnjjZoDy1NAn_knIAwg&amp;sig2=XSeGZDuttyuGE6-2WZXwcg&amp;bvm=bv.152174688,d.c2I&amp;cad=rja",,42833.55,qhhhg79a25d6keh1pbpmr4m4hmc
,356,1491656996,https://www.google.co.in/,https://www.google.co.in/webhp?sourceid=chrome-instant&amp;ion=1&amp;espv=2&amp;ie=UTF-8#q=does+bullet+have+tubeless+tyres?,"https://www.google.co.in/url?sa=t&amp;rct=j&amp;q=&amp;esrc=s&amp;source=web&amp;cd=1&amp;ved=0ahUKEwj5veuj95TTAhWELY8KHUujARkQFggZMAA&amp;url=https%3A%2F%2Froyalenfield.com%2Fcommunity%2Fforum%2Fthread%2Fposts%2F%3Ftopicid%3D4274&amp;usg=AFQjCNGOTFdh8FqcxfqasEam3Oh-Nvq_Gw&amp;sig2=poMEZHhvVq6BBDfCrvaM1w&amp;bvm=bv.152174688,d.c2I&amp;cad=rja",,42833.55,qhhhg79a25d6keh1pbpmr4m4hmc
,356,1491656999,https://www.google.co.in/,https://www.google.co.in/webhp?sourceid=chrome-instant&amp;ion=1&amp;espv=2&amp;ie=UTF-8#q=does+bullet+have+tubeless+tyres?,https://www.quora.com/Why-doesnt-Royal-enfield-use-tubeless-tyres,,42833.55,qhhhg79a25d6keh1pbpmr4m4hmc
,356,1491657001,https://www.google.co.in/,https://www.google.co.in/webhp?sourceid=chrome-instant&amp;ion=1&amp;espv=2&amp;ie=UTF-8#q=does+bullet+have+tubeless+tyres?,https://www.google.co.in/webhp?sourceid=chrome-instant&amp;ion=1&amp;espv=2&amp;ie=UTF-8#q=does+avenger+have+tubeless+tyres?,,42833.55,qhhhg79a25d6keh1pbpmr4m4hmc
,356,1491657017,https://www.google.co.in/,https://www.quora.com/Why-doesnt-Royal-enfield-use-tubeless-tyres,"https://www.google.co.in/url?sa=t&amp;rct=j&amp;q=&amp;esrc=s&amp;source=web&amp;cd=1&amp;ved=0ahUKEwiyrbmt95TTAhXFNo8KHWvWDocQFggZMAA&amp;url=https%3A%2F%2Fwww.quora.com%2FDo-the-new-launched-avengers-from-Bajaj-have-tubeless-tyres&amp;usg=AFQjCNG2hv-QFrRpepDtkGQp5sg4yRAS-Q&amp;sig2=QGNAPwp8a5RApRWLBgbG8g&amp;bvm=bv.152174688,d.c2I&amp;cad=rja",,42833.55,qhhhg79a25d6keh1pbpmr4m4hmc
,356,1491657037,https://www.google.co.in/,https://www.quora.com/Why-doesnt-Royal-enfield-use-tubeless-tyres,https://www.quora.com/Do-the-new-launched-avengers-from-Bajaj-have-tubeless-tyres,,42833.55,qhhhg79a25d6keh1pbpmr4m4hmc
,356,1491657054,https://www.google.co.in/,http://www.rediff.com/getahead/report/biking-and-motoring-how-to-prepare-yourself-and-your-bike-for-a-trip-to-ladakh/20140918.htm,https://royalenfield.com/community/forum/thread/posts/?topicid=4274,,42833.55,qhhhg79a25d6keh1pbpmr4m4hmc
,356,1491657210,,https://www.quora.com/Do-the-new-launched-avengers-from-Bajaj-have-tubeless-tyres,https://www.facebook.com/,,42833.55,qhhhg79a25d6keh1pbpmr4m4hmc
,356,1491657210,,https://www.facebook.com/,https://www.facebook.com/,,42833.55,qhhhg79a25d6keh1pbpmr4m4hmc
,356,1491657225,,https://royalenfield.com/community/forum/thread/posts/?topicid=4274,https://royalenfield.com/community/forum/thread/posts/?topicid=4274,,42833.55,qhhhg79a25d6keh1pbpmr4m4hmc
,356,1491657346,https://www.youtube.com/watch?v=8367ETnagHo,http://www.cricbuzz.com/live-cricket-scores/18124/kxip-vs-rps-4th-match-indian-premier-league-2017,https://www.youtube.com/watch?v=RZqdWW4spXA,,42833.55,qhhhg79a25d6keh1pbpmr4m4hmc
,356,1491657742,https://www.youtube.com/watch?v=RZqdWW4spXA,http://www.cricbuzz.com/live-cricket-scores/18124/kxip-vs-rps-4th-match-indian-premier-league-2017,https://www.youtube.com/watch?v=7z1rf2kzEkc,,42833.56,qhhhg79a25d6keh1pbpmr4m4hmc
,356,1491658141,https://www.youtube.com/watch?v=7z1rf2kzEkc,http://www.cricbuzz.com/live-cricket-scores/18124/kxip-vs-rps-4th-match-indian-premier-league-2017,https://www.youtube.com/watch?v=_ffgSc2c5F0,,42833.56,qhhhg79a25d6keh1pbpmr4m4hmc
,356,1491658586,https://www.youtube.com/watch?v=_ffgSc2c5F0,http://www.cricbuzz.com/live-cricket-scores/18124/kxip-vs-rps-4th-match-indian-premier-league-2017,https://www.youtube.com/watch?v=TrPvQvbp3Cg,,42833.57,qhhhg79a25d6keh1pbpmr4m4hmc
,356,1491659268,https://www.youtube.com/watch?v=TrPvQvbp3Cg,http://www.cricbuzz.com/live-cricket-scores/18124/kxip-vs-rps-4th-match-indian-premier-league-2017,https://www.youtube.com/watch?v=-Nbm1vFsr7Q,,42833.57,qhhhg79a25d6keh1pbpmr4m4hmc
,356,1491659711,https://www.youtube.com/watch?v=-Nbm1vFsr7Q,http://www.cricbuzz.com/live-cricket-scores/18124/kxip-vs-rps-4th-match-indian-premier-league-2017,https://www.youtube.com/watch?v=zVnbojCYPxU,,42833.58,qhhhg79a25d6keh1pbpmr4m4hmc
,356,1491660174,https://www.youtube.com/watch?v=zVnbojCYPxU,http://www.cricbuzz.com/live-cricket-scores/18124/kxip-vs-rps-4th-match-indian-premier-league-2017,https://www.youtube.com/watch?v=xhgt47nvZUQ,,42833.59,qhhhg79a25d6keh1pbpmr4m4hmc
,356,1491660641,https://www.youtube.com/watch?v=xhgt47nvZUQ,http://www.cricbuzz.com/live-cricket-scores/18124/kxip-vs-rps-4th-match-indian-premier-league-2017,https://www.youtube.com/watch?v=6XcMiqJGkQE,,42833.59,qhhhg79a25d6keh1pbpmr4m4hmc
,356,1491661226,https://www.youtube.com/watch?v=6XcMiqJGkQE,http://www.cricbuzz.com/live-cricket-scores/18124/kxip-vs-rps-4th-match-indian-premier-league-2017,https://www.youtube.com/watch?v=LekqDjknArc,,42833.60,qhhhg79a25d6keh1pbpmr4m4hmc
,356,1491661652,https://gateway.iitk.ac.in:1003/fgtauth?12035dfda13342d9,https://gateway.iitk.ac.in:1003/fgtauth?12035dfda13342d9,https://gateway.iitk.ac.in:1003/,,42833.60,qhhhg79a25d6keh1pbpmr4m4hmc
,356,1491661652,https://gateway.iitk.ac.in:1003/,https://gateway.iitk.ac.in:1003/,https://gateway.iitk.ac.in:1003/keepalive?07010b0e08273b13,,42833.60,qhhhg79a25d6keh1pbpmr4m4hmc
,356,1491661655,,https://gateway.iitk.ac.in:1003/keepalive?07010b0e08273b13,http://www.cricbuzz.com/live-cricket-scorecard/18124/kxip-vs-rps-4th-match-indian-premier-league-2017,,42833.60,qhhhg79a25d6keh1pbpmr4m4hmc
,356,1491661706,,http://citeseerx.ist.psu.edu/viewdoc/download?doi=10.1.1.85.6326&amp;rep=rep1&amp;type=pdf,https://www.facebook.com/,,42833.60,qhhhg79a25d6keh1pbpmr4m4hmc
,356,1491661707,,https://www.facebook.com/,https://www.facebook.com/,,42833.60,qhhhg79a25d6keh1pbpmr4m4hmc
,356,1491661744,,http://www.cricbuzz.com/live-cricket-scorecard/18124/kxip-vs-rps-4th-match-indian-premier-league-2017,https://webmail2.iitk.ac.in/webmail/src/login.php,,42833.60,qhhhg79a25d6keh1pbpmr4m4hmc
,356,1491661757,https://webmail2.iitk.ac.in/webmail/src/login.php,https://webmail2.iitk.ac.in/webmail/src/login.php,https://webmail2.iitk.ac.in/webmail/src/webmail.php,,42833.60,qhhhg79a25d6keh1pbpmr4m4hmc
,356,1491661761,https://webmail2.iitk.ac.in/webmail/src/login.php,https://webmail2.iitk.ac.in/webmail/src/webmail.php,https://webmail2.iitk.ac.in/webmail/src/webmail.php,,42833.60,qhhhg79a25d6keh1pbpmr4m4hmc
,356,1491662767,,https://www.google.co.in/webhp?sourceid=chrome-instant&amp;ion=1&amp;espv=2&amp;ie=UTF-8,https://www.google.co.in/webhp?sourceid=chrome-instant&amp;ion=1&amp;espv=2&amp;ie=UTF-8#q=why+some+contacts+don't+show+up+on+my+one+plus+one,,42833.62,qhhhg79a25d6keh1pbpmr4m4hmc
,356,1491662775,https://www.google.co.in/,https://www.google.co.in/webhp?sourceid=chrome-instant&amp;ion=1&amp;espv=2&amp;ie=UTF-8#q=why+some+contacts+don't+show+up+on+my+one+plus+one,"https://www.google.co.in/url?sa=t&amp;rct=j&amp;q=&amp;esrc=s&amp;source=web&amp;cd=2&amp;ved=0ahUKEwjI1e7ojJXTAhVENY8KHRDTBacQFggiMAE&amp;url=http%3A%2F%2Fforums.androidcentral.com%2Fask-question%2F510249-why-aren-t-my-synced-contacts-not-visible-one-plus-one-phone.html&amp;usg=AFQjCNFimKZKk_TF4eBuNN2MuT-ZqzMauQ&amp;sig2=2W54kydmLWBGvCeqJ_qaaw&amp;bvm=bv.152174688,d.c2I",,42833.62,qhhhg79a25d6keh1pbpmr4m4hmc
,356,1491662781,https://www.google.co.in/,"https://www.google.co.in/url?sa=t&amp;rct=j&amp;q=&amp;esrc=s&amp;source=web&amp;cd=2&amp;ved=0ahUKEwjI1e7ojJXTAhVENY8KHRDTBacQFggiMAE&amp;url=http%3A%2F%2Fforums.androidcentral.com%2Fask-question%2F510249-why-aren-t-my-synced-contacts-not-visible-one-plus-one-phone.html&amp;usg=AFQjCNFimKZKk_TF4eBuNN2MuT-ZqzMauQ&amp;sig2=2W54kydmLWBGvCeqJ_qaaw&amp;bvm=bv.152174688,d.c2I",http://forums.androidcentral.com/ask-question/510249-why-aren-t-my-synced-contacts-not-visible-one-plus-one-phone.html,,42833.62,qhhhg79a25d6keh1pbpmr4m4hmc
,356,1491662864,http://www.cricbuzz.com/live-cricket-scorecard/18124/kxip-vs-rps-4th-match-indian-premier-league-2017,http://www.cricbuzz.com/live-cricket-scorecard/18124/kxip-vs-rps-4th-match-indian-premier-league-2017,http://www.cricbuzz.com/,,42833.62,qhhhg79a25d6keh1pbpmr4m4hmc
,356,1491663167,http://www.cricbuzz.com/,http://www.cricbuzz.com/,http://www.cricbuzz.com/,,42833.62,qhhhg79a25d6keh1pbpmr4m4hmc
,356,1491663472,http://www.cricbuzz.com/,http://www.cricbuzz.com/,http://www.cricbuzz.com/,,42833.62,qhhhg79a25d6keh1pbpmr4m4hmc
,356,1491663777,http://www.cricbuzz.com/,http://www.cricbuzz.com/,http://www.cricbuzz.com/,,42833.63,qhhhg79a25d6keh1pbpmr4m4hmc
,356,1491664082,http://www.cricbuzz.com/,http://www.cricbuzz.com/,http://www.cricbuzz.com/,,42833.63,qhhhg79a25d6keh1pbpmr4m4hmc
,356,1491664388,http://www.cricbuzz.com/,https://www.youtube.com/watch?v=LekqDjknArc,http://www.cricbuzz.com/,,42833.63,qhhhg79a25d6keh1pbpmr4m4hmc
,356,1491664693,http://www.cricbuzz.com/,https://www.youtube.com/watch?v=LekqDjknArc,http://www.cricbuzz.com/,,42833.64,qhhhg79a25d6keh1pbpmr4m4hmc
,356,1491664738,,https://www.google.co.in/webhp?sourceid=chrome-instant&amp;ion=1&amp;espv=2&amp;ie=UTF-8,https://www.google.co.in/webhp?sourceid=chrome-instant&amp;ion=1&amp;espv=2&amp;ie=UTF-8#q=pokerninja,,42833.64,qhhhg79a25d6keh1pbpmr4m4hmc
,356,1491664740,https://www.google.co.in/,https://www.google.co.in/webhp?sourceid=chrome-instant&amp;ion=1&amp;espv=2&amp;ie=UTF-8#q=pokerninja,http://www.spartanpoker.in/,,42833.64,qhhhg79a25d6keh1pbpmr4m4hmc
,356,1491664746,https://www.google.co.in/,https://www.google.co.in/webhp?sourceid=chrome-instant&amp;ion=1&amp;espv=2&amp;ie=UTF-8#q=pokerninja,"https://www.google.co.in/url?sa=t&amp;rct=j&amp;q=&amp;esrc=s&amp;source=web&amp;cd=1&amp;ved=0ahUKEwizrKWWlJXTAhWKKo8KHXqXDwcQFggcMAA&amp;url=http%3A%2F%2Fwww.pokerninja.net%2F&amp;usg=AFQjCNErwXIVpYDzRwgRwZo-HL0CVN9EtA&amp;sig2=_T_Vn7DbLf6jPWqiCoAvlA&amp;bvm=bv.152174688,d.c2I",,42833.64,qhhhg79a25d6keh1pbpmr4m4hmc
,356,1491664764,,http://www.spartanpoker.in/,http://www.pokerninja.net/,,42833.64,qhhhg79a25d6keh1pbpmr4m4hmc
,356,1491664778,http://www.pokerninja.net/,http://www.pokerninja.net/,http://www.pokerninja.net/register.html,,42833.64,qhhhg79a25d6keh1pbpmr4m4hmc
,356,1491664784,http://www.pokerninja.net/,http://www.pokerninja.net/register.html,https://thespartanpoker.com/,,42833.64,qhhhg79a25d6keh1pbpmr4m4hmc
,356,1491664907,http://www.pokerninja.net/register.html,http://www.pokerninja.net/register.html,http://www.pokerninja.net/register.html,,42833.64,qhhhg79a25d6keh1pbpmr4m4hmc
,356,1491664922,http://www.pokerninja.net/register.html,https://thespartanpoker.com/,http://www.pokerninja.net/register.html,,42833.64,qhhhg79a25d6keh1pbpmr4m4hmc
,356,1491664933,https://thespartanpoker.com/,http://www.pokerninja.net/register.html,https://thespartanpoker.com/cashier/balance.html,,42833.64,qhhhg79a25d6keh1pbpmr4m4hmc
,356,1491664966,http://www.cricbuzz.com/,https://thespartanpoker.com/,https://thespartanpoker.com/,,42833.64,qhhhg79a25d6keh1pbpmr4m4hmc
,356,1491664969,https://thespartanpoker.com/,https://thespartanpoker.com/,https://thespartanpoker.com/lobby/lobbyflash.html#,,42833.64,qhhhg79a25d6keh1pbpmr4m4hmc
,356,1491664978,https://thespartanpoker.com/,https://thespartanpoker.com/,http://www.cricbuzz.com/live-cricket-scores/18125/rcb-vs-dd-5th-match-indian-premier-league-2017,,42833.64,qhhhg79a25d6keh1pbpmr4m4hmc
,356,1491665002,https://thespartanpoker.com/lobby/lobbyflash.html,https://thespartanpoker.com/lobby/lobbyflash.html#,https://thespartanpoker.com/lobby/tableflash?TABLEID=a5-a419d7@a5-a41b6f&amp;TOURNAMENTID=a5-92cc09#,,42833.64,qhhhg79a25d6keh1pbpmr4m4hmc
,356,1491665273,http://www.pokerninja.net/register.html,http://www.pokerninja.net/register.html,http://www.pokerninja.net/register.html,,42833.64,qhhhg79a25d6keh1pbpmr4m4hmc
,356,1491665315,http://www.pokerninja.net/register.html,http://www.pokerninja.net/register.html,http://www.pokerninja.net/cashier/balance.html?LANG=EN,,42833.64,qhhhg79a25d6keh1pbpmr4m4hmc
,356,1491665392,http://www.pokerninja.net/cashier/balance.html?LANG=EN,http://www.pokerninja.net/index.html,http://www.pokerninja.net/index.html#,,42833.65,qhhhg79a25d6keh1pbpmr4m4hmc
,356,1491665406,http://www.pokerninja.net/index.html,https://thespartanpoker.com/lobby/tableflash?TABLEID=a5-a419d7@a5-a41b6f&amp;TOURNAMENTID=a5-92cc09#,http://www.pokerninja.net/lobby/lobbyflash.html#,,42833.65,qhhhg79a25d6keh1pbpmr4m4hmc
,356,1491665488,http://www.pokerninja.net/lobby/lobbyflash.html,http://www.pokerninja.net/lobby/lobbyflash.html#,http://www.pokerninja.net/lobby/tableflash?TABLEID=3d-3c3c11@3d-3c7dd2&amp;TOURNAMENTID=3d-3b4d97#,,42833.65,qhhhg79a25d6keh1pbpmr4m4hmc
,356,1491665506,http://www.pokerninja.net/lobby/lobbyflash.html,http://www.pokerninja.net/lobby/lobbyflash.html#,http://www.pokerninja.net/lobby/tableflash?TABLEID=3d-3c6326@3d-3c7e91&amp;TOURNAMENTID=3d-3b4bed#,,42833.65,qhhhg79a25d6keh1pbpmr4m4hmc
,356,1491665631,https://gateway.iitk.ac.in:1003/keepalive?07010b0e08273b13,http://www.pokerninja.net/lobby/tableflash?TABLEID=3d-3c3c11@3d-3c7dd2&amp;TOURNAMENTID=3d-3b4d97#,https://gateway.iitk.ac.in:1003/keepalive?07010b0e08273b13,,42833.65,qhhhg79a25d6keh1pbpmr4m4hmc
,356,1491665744,http://www.pokerninja.net/lobby/lobbyflash.html,http://www.pokerninja.net/lobby/lobbyflash.html#,http://www.pokerninja.net/lobby/tableflash?TABLEID=3d-247f77#,,42833.65,qhhhg79a25d6keh1pbpmr4m4hmc
,356,1491666214,http://www.pokerninja.net/lobby/lobbyflash.html,http://www.pokerninja.net/lobby/tableflash?TABLEID=3d-3c6326@3d-3c7e91&amp;TOURNAMENTID=3d-3b4bed#,http://www.pokerninja.net/lobby/tourneylobbyflash?TOURNAMENTID=3d-3b4bed##,,42833.66,qhhhg79a25d6keh1pbpmr4m4hmc
,356,1491666593,http://www.pokerninja.net/lobby/lobbyflash.html,http://www.pokerninja.net/lobby/lobbyflash.html#,http://www.pokerninja.net/lobby/tableflash?TABLEID=3d-247f77#,,42833.66,qhhhg79a25d6keh1pbpmr4m4hmc
,356,1491666757,https://www.youtube.com/watch?v=LekqDjknArc,http://www.pokerninja.net/lobby/tableflash?TABLEID=3d-247f77#,https://www.youtube.com/watch?v=bq29w9MJKTQ,,42833.66,qhhhg79a25d6keh1pbpmr4m4hmc
,356,1491667150,http://www.pokerninja.net/lobby/lobbyflash.html,https://www.youtube.com/watch?v=bq29w9MJKTQ,http://www.pokerninja.net/lobby/tableflash?TABLEID=3d-3cb1d9@3d-3cb20e&amp;TOURNAMENTID=3d-3b50b2#,,42833.67,qhhhg79a25d6keh1pbpmr4m4hmc
,356,1491667151,http://www.pokerninja.net/lobby/lobbyflash.html,http://www.pokerninja.net/lobby/tableflash?TABLEID=3d-3cb1d9@3d-3cb20e&amp;TOURNAMENTID=3d-3b50b2#,https://www.youtube.com/watch?v=kw4tT7SCmaY,,42833.67,qhhhg79a25d6keh1pbpmr4m4hmc
,356,1491667558,https://www.youtube.com/watch?v=kw4tT7SCmaY,http://www.pokerninja.net/lobby/tableflash?TABLEID=3d-247f77#,https://www.youtube.com/watch?v=bzSTpdcs-EI,,42833.67,qhhhg79a25d6keh1pbpmr4m4hmc
,356,1491667911,https://www.youtube.com/watch?v=bzSTpdcs-EI,http://www.pokerninja.net/lobby/tableflash?TABLEID=3d-3cb1d9@3d-3cb20e&amp;TOURNAMENTID=3d-3b50b2#,https://www.youtube.com/watch?v=CvPdtf8Ijj4,,42833.67,qhhhg79a25d6keh1pbpmr4m4hmc
,356,1491668070,https://www.youtube.com/watch?v=bzSTpdcs-EI,https://www.youtube.com/watch?v=CvPdtf8Ijj4,https://webmail2.iitk.ac.in/webmail/src/webmail.php,,42833.68,qhhhg79a25d6keh1pbpmr4m4hmc
,356,1491668072,https://www.youtube.com/watch?v=bzSTpdcs-EI,http://www.pokerninja.net/lobby/tableflash?TABLEID=3d-3cb1d9@3d-3cb20e&amp;TOURNAMENTID=3d-3b50b2#,https://webmail2.iitk.ac.in/webmail/src/webmail.php,,42833.68,qhhhg79a25d6keh1pbpmr4m4hmc
,356,1491668127,https://www.youtube.com/watch?v=CvPdtf8Ijj4,http://www.pokerninja.net/lobby/tableflash?TABLEID=3d-3cb1d9@3d-3cb20e&amp;TOURNAMENTID=3d-3b50b2#,https://www.youtube.com/watch?v=z-diRlyLGzo,,42833.68,qhhhg79a25d6keh1pbpmr4m4hmc
,356,1491668289,https://www.youtube.com/watch?v=z-diRlyLGzo,http://www.pokerninja.net/lobby/tableflash?TABLEID=3d-3cb1d9@3d-3cb20e&amp;TOURNAMENTID=3d-3b50b2#,https://www.youtube.com/watch?v=hXh35CtnSyU,,42833.68,qhhhg79a25d6keh1pbpmr4m4hmc
,356,1491668311,https://www.youtube.com/watch?v=hXh35CtnSyU,http://www.pokerninja.net/lobby/tableflash?TABLEID=3d-3cb1d9@3d-3cb20e&amp;TOURNAMENTID=3d-3b50b2#,https://www.youtube.com/watch?v=60ItHLz5WEA,,42833.68,qhhhg79a25d6keh1pbpmr4m4hmc
,356,1491668533,https://www.youtube.com/watch?v=60ItHLz5WEA,http://www.pokerninja.net/lobby/tableflash?TABLEID=3d-3cb1d9@3d-3cb20e&amp;TOURNAMENTID=3d-3b50b2#,https://www.youtube.com/watch?v=PT2_F-1esPk,,42833.68,qhhhg79a25d6keh1pbpmr4m4hmc
,356,1491668803,https://www.youtube.com/watch?v=PT2_F-1esPk,https://www.youtube.com/watch?v=PT2_F-1esPk,https://www.youtube.com/watch?v=3AtDnEC4zak,,42833.69,qhhhg79a25d6keh1pbpmr4m4hmc
,356,1491668949,http://www.pokerninja.net/lobby/lobbyflash.html,http://www.pokerninja.net/lobby/tableflash?TABLEID=3d-3cb1d9@3d-3cb20e&amp;TOURNAMENTID=3d-3b50b2#,http://www.pokerninja.net/lobby/tableflash?TABLEID=3d-3cff9d@3d-3cffc0&amp;TOURNAMENTID=3d-3b5195#,,42833.69,qhhhg79a25d6keh1pbpmr4m4hmc
,356,1491669039,https://www.youtube.com/watch?v=3AtDnEC4zak,http://www.pokerninja.net/lobby/tableflash?TABLEID=3d-3cb1d9@3d-3cb20e&amp;TOURNAMENTID=3d-3b50b2#,https://www.youtube.com/watch?v=lY2yjAdbvdQ,,42833.69,qhhhg79a25d6keh1pbpmr4m4hmc
,356,1491669305,https://www.youtube.com/watch?v=lY2yjAdbvdQ,http://www.pokerninja.net/lobby/tableflash?TABLEID=3d-3cb1d9@3d-3cb20e&amp;TOURNAMENTID=3d-3b50b2#,https://www.youtube.com/watch?v=5GL9JoH4Sws,,42833.69,qhhhg79a25d6keh1pbpmr4m4hmc
,356,1491669532,https://www.youtube.com/watch?v=5GL9JoH4Sws,http://www.pokerninja.net/lobby/tableflash?TABLEID=3d-3cb1d9@3d-3cb20e&amp;TOURNAMENTID=3d-3b50b2#,https://www.youtube.com/watch?v=fRh_vgS2dFE,,42833.69,qhhhg79a25d6keh1pbpmr4m4hmc
,356,1491669744,https://www.youtube.com/watch?v=fRh_vgS2dFE,http://www.pokerninja.net/lobby/tableflash?TABLEID=3d-3cff9d@3d-3cffc0&amp;TOURNAMENTID=3d-3b5195#,https://www.youtube.com/watch?v=DK_0jXPuIr0,,42833.70,qhhhg79a25d6keh1pbpmr4m4hmc
,356,1491669759,https://gateway.iitk.ac.in:1003/keepalive?07010b0e08273b13,https://www.youtube.com/watch?v=DK_0jXPuIr0,https://gateway.iitk.ac.in:1003/keepalive?07010b0e08273b13,,42833.70,qhhhg79a25d6keh1pbpmr4m4hmc
,356,1491670048,https://www.youtube.com/watch?v=DK_0jXPuIr0,https://www.youtube.com/watch?v=DK_0jXPuIr0,https://www.youtube.com/watch?v=nntGTK2Fhb0,,42833.70,qhhhg79a25d6keh1pbpmr4m4hmc
,356,1491670309,https://www.youtube.com/watch?v=nntGTK2Fhb0,https://www.youtube.com/watch?v=nntGTK2Fhb0,https://www.youtube.com/watch?v=RgKAFK5djSk,,42833.70,qhhhg79a25d6keh1pbpmr4m4hmc
,356,1491670382,http://www.pokerninja.net/lobby/lobbyflash.html,http://www.pokerninja.net/lobby/lobbyflash.html#,http://www.pokerninja.net/lobby/tourneylobbyflash?TOURNAMENTID=3d-3b5195##,,42833.70,qhhhg79a25d6keh1pbpmr4m4hmc
,356,1491670419,http://www.pokerninja.net/index.html,http://www.pokerninja.net/index.html#,http://www.pokerninja.net/lobby/lobbyflash.html#,,42833.70,qhhhg79a25d6keh1pbpmr4m4hmc
,356,1491670448,http://www.pokerninja.net/lobby/lobbyflash.html,http://www.pokerninja.net/lobby/lobbyflash.html#,http://www.pokerninja.net/lobby/tableflash?TABLEID=3d-3cff9d@3d-3cffc0&amp;TOURNAMENTID=3d-3b5195#,,42833.70,qhhhg79a25d6keh1pbpmr4m4hmc
,356,1491670491,http://www.pokerninja.net/lobby/lobbyflash.html,http://www.pokerninja.net/lobby/tableflash?TABLEID=3d-3cff9d@3d-3cffc0&amp;TOURNAMENTID=3d-3b5195#,http://www.pokerninja.net/events-box.html?type=LIGHTBOX#,,42833.70,qhhhg79a25d6keh1pbpmr4m4hmc
,356,1491670556,https://www.youtube.com/watch?v=RgKAFK5djSk,http://www.pokerninja.net/lobby/tableflash?TABLEID=3d-3cff9d@3d-3cffc0&amp;TOURNAMENTID=3d-3b5195#,https://www.youtube.com/watch?v=09R8_2nJtjg,,42833.71,qhhhg79a25d6keh1pbpmr4m4hmc
,356,1491670817,http://www.pokerninja.net/lobby/lobbyflash.html,http://www.pokerninja.net/lobby/tableflash?TABLEID=3d-3cff9d@3d-3cffc0&amp;TOURNAMENTID=3d-3b5195#,http://www.pokerninja.net/lobby/tableflash?TABLEID=3d-3d4aef@3d-3d4d5a&amp;TOURNAMENTID=3d-3b521f#,,42833.71,qhhhg79a25d6keh1pbpmr4m4hmc
,356,1491670865,https://www.youtube.com/watch?v=09R8_2nJtjg,http://www.pokerninja.net/lobby/tableflash?TABLEID=3d-3cff9d@3d-3cffc0&amp;TOURNAMENTID=3d-3b5195#,https://www.youtube.com/watch?v=nfWlot6h_JM,,42833.71,qhhhg79a25d6keh1pbpmr4m4hmc
,356,1491671119,https://www.youtube.com/watch?v=nfWlot6h_JM,http://www.pokerninja.net/lobby/tableflash?TABLEID=3d-3cff9d@3d-3cffc0&amp;TOURNAMENTID=3d-3b5195#,https://www.youtube.com/watch?v=7PCkvCPvDXk,,42833.71,qhhhg79a25d6keh1pbpmr4m4hmc
,356,1491671326,https://www.youtube.com/watch?v=7PCkvCPvDXk,http://www.pokerninja.net/lobby/tableflash?TABLEID=3d-3cff9d@3d-3cffc0&amp;TOURNAMENTID=3d-3b5195#,https://www.youtube.com/watch?v=CevxZvSJLk8,,42833.71,qhhhg79a25d6keh1pbpmr4m4hmc
,356,1491671603,https://www.youtube.com/watch?v=CevxZvSJLk8,http://www.pokerninja.net/lobby/tableflash?TABLEID=3d-3cff9d@3d-3cffc0&amp;TOURNAMENTID=3d-3b5195#,https://www.youtube.com/watch?v=0KSOMA3QBU0,,42833.72,qhhhg79a25d6keh1pbpmr4m4hmc
,356,1491671846,https://www.youtube.com/watch?v=0KSOMA3QBU0,http://www.pokerninja.net/lobby/tableflash?TABLEID=3d-3cff9d@3d-3cffc0&amp;TOURNAMENTID=3d-3b5195#,https://www.youtube.com/watch?v=uuwfgXD8qV8,,42833.72,qhhhg79a25d6keh1pbpmr4m4hmc
,356,1491672098,https://www.youtube.com/watch?v=uuwfgXD8qV8,http://www.pokerninja.net/lobby/tableflash?TABLEID=3d-3cff9d@3d-3cffc0&amp;TOURNAMENTID=3d-3b5195#,https://www.youtube.com/watch?v=Ahha3Cqe_fk,,42833.72,qhhhg79a25d6keh1pbpmr4m4hmc
,356,1491672396,https://www.youtube.com/watch?v=Ahha3Cqe_fk,http://www.pokerninja.net/lobby/tableflash?TABLEID=3d-3cff9d@3d-3cffc0&amp;TOURNAMENTID=3d-3b5195#,https://www.youtube.com/watch?v=QGJuMBdaqIw,,42833.73,qhhhg79a25d6keh1pbpmr4m4hmc
,356,1491672637,https://www.youtube.com/watch?v=QGJuMBdaqIw,https://www.youtube.com/watch?v=QGJuMBdaqIw,https://www.youtube.com/watch?v=kTHNpusq654,,42833.73,qhhhg79a25d6keh1pbpmr4m4hmc
,356,1491672809,http://www.pokerninja.net/lobby/lobbyflash.html,http://www.pokerninja.net/lobby/tableflash?TABLEID=3d-3cff9d@3d-3cffc0&amp;TOURNAMENTID=3d-3b5195#,http://www.pokerninja.net/lobby/tourneylobbyflash?TOURNAMENTID=3d-386b3d##,,42833.73,qhhhg79a25d6keh1pbpmr4m4hmc
,356,1491672847,http://www.pokerninja.net/lobby/lobbyflash.html,http://www.pokerninja.net/lobby/tableflash?TABLEID=3d-3cff9d@3d-3cffc0&amp;TOURNAMENTID=3d-3b5195#,http://www.pokerninja.net/lobby/tourneylobbyflash?TOURNAMENTID=3d-3b50b2##,,42833.73,qhhhg79a25d6keh1pbpmr4m4hmc
,356,1491672934,https://www.youtube.com/watch?v=kTHNpusq654,http://www.pokerninja.net/lobby/lobbyflash.html#,https://www.youtube.com/watch?v=k0BWlvnBmIE,,42833.73,qhhhg79a25d6keh1pbpmr4m4hmc
,356,1491672996,http://www.pokerninja.net/lobby/lobbyflash.html,http://www.pokerninja.net/lobby/lobbyflash.html#,http://www.pokerninja.net/lobby/tourneylobbyflash?TOURNAMENTID=3d-3b5195##,,42833.73,qhhhg79a25d6keh1pbpmr4m4hmc
,356,1491673222,https://www.youtube.com/watch?v=k0BWlvnBmIE,http://www.pokerninja.net/lobby/tourneylobbyflash?TOURNAMENTID=3d-3b5195##,https://www.youtube.com/watch?v=XjwZAa2EjKA,,42833.74,qhhhg79a25d6keh1pbpmr4m4hmc
,356,1491673470,https://www.youtube.com/watch?v=XjwZAa2EjKA,http://www.pokerninja.net/lobby/tableflash?TABLEID=3d-3cff9d@3d-3cffc0&amp;TOURNAMENTID=3d-3b5195#,https://www.youtube.com/watch?v=7RMQksXpQSk,,42833.74,qhhhg79a25d6keh1pbpmr4m4hmc
,356,1491673686,https://www.youtube.com/watch?v=7RMQksXpQSk,http://www.pokerninja.net/lobby/tableflash?TABLEID=3d-3cff9d@3d-3cffc0&amp;TOURNAMENTID=3d-3b5195#,https://www.youtube.com/watch?v=YykjpeuMNEk,,42833.74,qhhhg79a25d6keh1pbpmr4m4hmc
,356,1491673907,https://gateway.iitk.ac.in:1003/keepalive?07010b0e08273b13,http://www.pokerninja.net/lobby/tableflash?TABLEID=3d-3cff9d@3d-3cffc0&amp;TOURNAMENTID=3d-3b5195#,https://gateway.iitk.ac.in:1003/keepalive?07010b0e08273b13,,42833.74,qhhhg79a25d6keh1pbpmr4m4hmc
,356,1491673956,https://www.youtube.com/watch?v=YykjpeuMNEk,http://www.pokerninja.net/lobby/tableflash?TABLEID=3d-3cff9d@3d-3cffc0&amp;TOURNAMENTID=3d-3b5195#,https://www.youtube.com/watch?v=1G4isv_Fylg,,42833.74,qhhhg79a25d6keh1pbpmr4m4hmc
,356,1491674228,https://www.youtube.com/watch?v=1G4isv_Fylg,http://www.pokerninja.net/lobby/tableflash?TABLEID=3d-3cff9d@3d-3cffc0&amp;TOURNAMENTID=3d-3b5195#,https://www.youtube.com/watch?v=dvgZkm1xWPE,,42833.75,qhhhg79a25d6keh1pbpmr4m4hmc
,356,1491674482,https://www.youtube.com/watch?v=dvgZkm1xWPE,http://www.pokerninja.net/lobby/tableflash?TABLEID=3d-3cff9d@3d-3cffc0&amp;TOURNAMENTID=3d-3b5195#,https://www.youtube.com/watch?v=RB-RcX5DS5A,,42833.75,qhhhg79a25d6keh1pbpmr4m4hmc
,356,1491674755,https://www.youtube.com/watch?v=RB-RcX5DS5A,http://www.pokerninja.net/lobby/tableflash?TABLEID=3d-3cff9d@3d-3cffc0&amp;TOURNAMENTID=3d-3b5195#,https://www.youtube.com/watch?v=d020hcWA_Wg,,42833.75,qhhhg79a25d6keh1pbpmr4m4hmc
,356,1491675023,https://www.youtube.com/watch?v=d020hcWA_Wg,http://www.cricbuzz.com/live-cricket-scores/18125/rcb-vs-dd-5th-match-indian-premier-league-2017,https://www.youtube.com/watch?v=0k_1kvDh2UA,,42833.76,qhhhg79a25d6keh1pbpmr4m4hmc
,356,1491675048,http://www.pokerninja.net/lobby/lobbyflash.html,http://www.pokerninja.net/lobby/lobbyflash.html#,http://www.pokerninja.net/lobby/tableflash?TABLEID=3d-3de6db@3d-3e00d1&amp;TOURNAMENTID=3d-3b534e#,,42833.76,qhhhg79a25d6keh1pbpmr4m4hmc
,356,1491675245,https://www.youtube.com/watch?v=0k_1kvDh2UA,https://www.youtube.com/watch?v=0k_1kvDh2UA,https://www.youtube.com/results?search_query=life+in+technicolor+ii+lyrics,,42833.76,qhhhg79a25d6keh1pbpmr4m4hmc
,356,1491675247,https://www.youtube.com/results?search_query=life+in+technicolor+ii+lyrics,https://www.youtube.com/results?search_query=life+in+technicolor+ii+lyrics,https://www.youtube.com/watch?v=fXSovfzyx28,,42833.76,qhhhg79a25d6keh1pbpmr4m4hmc
,356,1491675291,http://www.pokerninja.net/lobby/lobbyflash.html,https://www.youtube.com/watch?v=fXSovfzyx28,http://www.pokerninja.net/lobby/tableflash?TABLEID=3d-247f77#,,42833.76,qhhhg79a25d6keh1pbpmr4m4hmc
,356,1491675465,http://www.cricbuzz.com/live-cricket-scores/18125/rcb-vs-dd-5th-match-indian-premier-league-2017,http://www.cricbuzz.com/live-cricket-scores/18125/rcb-vs-dd-5th-match-indian-premier-league-2017,http://www.cricbuzz.com/cricket-series/2568/indian-premier-league-2017/points-table,,42833.76,qhhhg79a25d6keh1pbpmr4m4hmc
,356,1491676174,https://www.youtube.com/watch?v=fXSovfzyx28,https://www.youtube.com/,https://www.youtube.com/,,42833.77,qhhhg79a25d6keh1pbpmr4m4hmc
,356,1491676286,https://www.youtube.com/,http://www.pokerninja.net/lobby/tableflash?TABLEID=3d-247f77#,https://www.youtube.com/watch?v=6EEW-9NDM5k,,42833.77,qhhhg79a25d6keh1pbpmr4m4hmc
,356,1491678087,https://gateway.iitk.ac.in:1003/keepalive?07010b0e08273b13,https://www.youtube.com/watch?v=6EEW-9NDM5k,https://gateway.iitk.ac.in:1003/keepalive?07010b0e08273b13,,42833.79,qhhhg79a25d6keh1pbpmr4m4hmc
,356,1491682202,https://gateway.iitk.ac.in:1003/keepalive?07010b0e08273b13,https://www.youtube.com/watch?v=6EEW-9NDM5k,https://gateway.iitk.ac.in:1003/keepalive?07010b0e08273b13,,42833.84,qhhhg79a25d6keh1pbpmr4m4hmc
,356,1491686296,https://gateway.iitk.ac.in:1003/keepalive?07010b0e08273b13,https://www.youtube.com/watch?v=6EEW-9NDM5k,https://gateway.iitk.ac.in:1003/keepalive?07010b0e08273b13,,42833.89,qhhhg79a25d6keh1pbpmr4m4hmc
,356,1491690391,https://gateway.iitk.ac.in:1003/keepalive?07010b0e08273b13,https://www.youtube.com/watch?v=6EEW-9NDM5k,https://gateway.iitk.ac.in:1003/keepalive?07010b0e08273b13,,42833.94,qhhhg79a25d6keh1pbpmr4m4hmc
,356,1491694444,https://gateway.iitk.ac.in:1003/keepalive?07010b0e08273b13,https://www.youtube.com/watch?v=6EEW-9NDM5k,https://gateway.iitk.ac.in:1003/keepalive?07010b0e08273b13,,42833.98,qhhhg79a25d6keh1pbpmr4m4hmc
,356,1491698520,https://gateway.iitk.ac.in:1003/keepalive?07010b0e08273b13,https://www.youtube.com/watch?v=6EEW-9NDM5k,https://gateway.iitk.ac.in:1003/keepalive?07010b0e08273b13,,42834.03,qhhhg79a25d6keh1pbpmr4m4hmc
,356,1491702649,https://gateway.iitk.ac.in:1003/keepalive?07010b0e08273b13,https://www.youtube.com/watch?v=6EEW-9NDM5k,https://gateway.iitk.ac.in:1003/keepalive?07010b0e08273b13,,42834.08,qhhhg79a25d6keh1pbpmr4m4hmc
,356,1491703582,http://www.pokerninja.net/lobby/lobbyflash.html,http://www.pokerninja.net/lobby/tableflash?TABLEID=3d-40870d@3d-408a56&amp;TOURNAMENTID=3d-3f73ea#,http://www.pokerninja.net/lobby/tableflash?TABLEID=3d-40870d@3d-408a56&amp;TOURNAMENTID=3d-3f73ea#,,42834.09,qhhhg79a25d6keh1pbpmr4m4hmc
,356,1491703601,https://www.youtube.com/watch?v=6EEW-9NDM5k,http://www.pokerninja.net/lobby/tableflash?TABLEID=3d-40870d@3d-408a56&amp;TOURNAMENTID=3d-3f73ea#,https://www.youtube.com/results?search_query=crime+patrol,,42834.09,qhhhg79a25d6keh1pbpmr4m4hmc
,356,1491703613,https://www.youtube.com/results?search_query=crime+patrol,https://www.youtube.com/results?search_query=crime+patrol,https://www.youtube.com/watch?v=h2Mi6YaBW_w,,42834.09,qhhhg79a25d6keh1pbpmr4m4hmc
,356,1491704575,https://www.youtube.com/results?search_query=crime+patrol,https://www.youtube.com/watch?v=h2Mi6YaBW_w,https://webmail2.iitk.ac.in/webmail/src/webmail.php,,42834.10,qhhhg79a25d6keh1pbpmr4m4hmc
,356,1491704618,https://www.youtube.com/results?search_query=crime+patrol,https://www.youtube.com/watch?v=h2Mi6YaBW_w,https://webmail2.iitk.ac.in/webmail/src/webmail.php,,42834.10,qhhhg79a25d6keh1pbpmr4m4hmc
,356,1491706908,https://gateway.iitk.ac.in:1003/keepalive?07010b0e08273b13,https://www.youtube.com/watch?v=h2Mi6YaBW_w,https://gateway.iitk.ac.in:1003/keepalive?07010b0e08273b13,,42834.13,qhhhg79a25d6keh1pbpmr4m4hmc
,356,1491707871,,https://www.youtube.com/watch?v=h2Mi6YaBW_w,https://cardgames.io/spades/,,42834.14,qhhhg79a25d6keh1pbpmr4m4hmc
,356,1491707914,https://cardgames.io/spades/,https://cardgames.io/spades/,https://cardgames.io/spades/,,42834.14,qhhhg79a25d6keh1pbpmr4m4hmc
,356,1491707989,https://cardgames.io/spades/,https://cardgames.io/spades/,https://cardgames.io/spades/,,42834.14,qhhhg79a25d6keh1pbpmr4m4hmc
,356,1491708048,https://cardgames.io/spades/,https://cardgames.io/spades/,https://cardgames.io/spades/,,42834.14,qhhhg79a25d6keh1pbpmr4m4hmc
,356,1491708109,https://cardgames.io/spades/,https://cardgames.io/spades/,https://cardgames.io/spades/,,42834.14,qhhhg79a25d6keh1pbpmr4m4hmc
,356,1491708177,https://cardgames.io/spades/,https://cardgames.io/spades/,https://cardgames.io/spades/,,42834.14,qhhhg79a25d6keh1pbpmr4m4hmc
,356,1491708255,https://cardgames.io/spades/,https://cardgames.io/spades/,https://cardgames.io/spades/,,42834.14,qhhhg79a25d6keh1pbpmr4m4hmc
,356,1491708309,https://cardgames.io/spades/,https://cardgames.io/spades/,https://cardgames.io/spades/,,42834.14,qhhhg79a25d6keh1pbpmr4m4hmc
,356,1491708384,https://cardgames.io/spades/,https://cardgames.io/spades/,https://cardgames.io/spades/,,42834.14,qhhhg79a25d6keh1pbpmr4m4hmc
,356,1491708448,https://cardgames.io/spades/,https://cardgames.io/spades/,https://cardgames.io/spades/,,42834.14,qhhhg79a25d6keh1pbpmr4m4hmc
,356,1491708514,https://cardgames.io/spades/,https://cardgames.io/spades/,https://cardgames.io/spades/,,42834.14,qhhhg79a25d6keh1pbpmr4m4hmc
,356,1491708577,https://cardgames.io/spades/,https://cardgames.io/spades/,https://cardgames.io/spades/,,42834.15,qhhhg79a25d6keh1pbpmr4m4hmc
,356,1491708653,https://cardgames.io/spades/,https://cardgames.io/spades/,https://cardgames.io/hearts/,,42834.15,qhhhg79a25d6keh1pbpmr4m4hmc
,356,1491709096,,https://gateway.iitk.ac.in:1003/keepalive?07010b0e08273b13,https://www.voot.com/shows/mtv-roadies-rising/15/479001/war-of-words-neha-vs-nikhil-/486328,,42834.15,qhhhg79a25d6keh1pbpmr4m4hmc
,356,1491709267,,https://www.google.co.in/webhp?sourceid=chrome-instant&amp;ion=1&amp;espv=2&amp;ie=UTF-8,https://www.google.co.in/webhp?sourceid=chrome-instant&amp;ion=1&amp;espv=2&amp;ie=UTF-8#q=karan+kundra,,42834.15,qhhhg79a25d6keh1pbpmr4m4hmc
,356,1491709354,,https://gateway.iitk.ac.in:1003/keepalive?07010b0e08273b13,https://www.facebook.com/,,42834.15,qhhhg79a25d6keh1pbpmr4m4hmc
,356,1491709355,,https://www.facebook.com/,https://www.facebook.com/,,42834.15,qhhhg79a25d6keh1pbpmr4m4hmc
,356,1491709503,,https://www.google.co.in/webhp?sourceid=chrome-instant&amp;ion=1&amp;espv=2&amp;ie=UTF-8,https://www.google.co.in/webhp?sourceid=chrome-instant&amp;ion=1&amp;espv=2&amp;ie=UTF-8#q=repercussions,,42834.16,qhhhg79a25d6keh1pbpmr4m4hmc
,356,1491712814,,https://www.google.co.in/webhp?sourceid=chrome-instant&amp;ion=1&amp;espv=2&amp;ie=UTF-8#q=repercussions,http://ironport1.iitk.ac.in/B0001D0000N0000F0000S0000R0004/http://economictimes.indiatimes.com/indices/sensex_30_companies.cms,,42834.19,qhhhg79a25d6keh1pbpmr4m4hmc
,356,1491712827,,https://www.google.co.in/webhp?sourceid=chrome-instant&amp;ion=1&amp;espv=2&amp;ie=UTF-8,https://www.google.co.in/webhp?sourceid=chrome-instant&amp;ion=1&amp;espv=2&amp;ie=UTF-8#q=logistics+distribution,,42834.19,qhhhg79a25d6keh1pbpmr4m4hmc
,356,1491712834,https://www.google.co.in/,https://www.google.co.in/webhp?sourceid=chrome-instant&amp;ion=1&amp;espv=2&amp;ie=UTF-8#q=logistics+distribution,"https://www.google.co.in/url?sa=t&amp;rct=j&amp;q=&amp;esrc=s&amp;source=web&amp;cd=3&amp;ved=0ahUKEwiX3KWox5bTAhWDr48KHeNZBeMQFgghMAI&amp;url=https%3A%2F%2Fen.wikipedia.org%2Fwiki%2FLogistic_distribution&amp;usg=AFQjCNEFgWPPldIGV1pMRyQYYKiiGSrZyw&amp;sig2=Zbn-RqVRyYbnXb5viY7DPQ&amp;bvm=bv.152174688,d.c2I",,42834.19,qhhhg79a25d6keh1pbpmr4m4hmc
,356,1491712841,https://www.google.co.in/,"https://www.google.co.in/url?sa=t&amp;rct=j&amp;q=&amp;esrc=s&amp;source=web&amp;cd=3&amp;ved=0ahUKEwiX3KWox5bTAhWDr48KHeNZBeMQFgghMAI&amp;url=https%3A%2F%2Fen.wikipedia.org%2Fwiki%2FLogistic_distribution&amp;usg=AFQjCNEFgWPPldIGV1pMRyQYYKiiGSrZyw&amp;sig2=Zbn-RqVRyYbnXb5viY7DPQ&amp;bvm=bv.152174688,d.c2I",https://en.wikipedia.org/wiki/Logistic_distribution,,42834.19,qhhhg79a25d6keh1pbpmr4m4hmc
,356,1491712873,,https://www.google.co.in/webhp?sourceid=chrome-instant&amp;ion=1&amp;espv=2&amp;ie=UTF-8,https://www.google.co.in/webhp?sourceid=chrome-instant&amp;ion=1&amp;espv=2&amp;ie=UTF-8#q=beta+prior+bayesianlogistic+distribution+matlab,,42834.20,qhhhg79a25d6keh1pbpmr4m4hmc
,356,1491712888,,https://www.google.co.in/webhp?sourceid=chrome-instant&amp;ion=1&amp;espv=2&amp;ie=UTF-8#q=beta+prior+bayesianlogistic+distribution+matlab,https://www.google.co.in/webhp?sourceid=chrome-instant&amp;ion=1&amp;espv=2&amp;ie=UTF-8#q=+bayesianlogistic+distribution+matlab,,42834.20,qhhhg79a25d6keh1pbpmr4m4hmc
,356,1491712895,https://www.google.co.in/,https://www.google.co.in/webhp?sourceid=chrome-instant&amp;ion=1&amp;espv=2&amp;ie=UTF-8#q=+bayesianlogistic+distribution+matlab,"https://www.google.co.in/url?sa=t&amp;rct=j&amp;q=&amp;esrc=s&amp;source=web&amp;cd=1&amp;ved=0ahUKEwi0sqrGx5bTAhWKu48KHcD6Dx4QFggcMAA&amp;url=https%3A%2F%2Fwww.mathworks.in%2Fhelp%2Fstats%2Fexamples%2Fbayesian-analysis-for-a-logistic-regression-model.html&amp;usg=AFQjCNE46U53sRsaQvkkJxF1qJtey69X3Q&amp;sig2=V3i8xxHd6IrWObgweZnKBw&amp;bvm=bv.152174688,d.c2I&amp;cad=rja",,42834.20,qhhhg79a25d6keh1pbpmr4m4hmc
,356,1491712905,https://www.google.co.in/,https://www.google.co.in/webhp?sourceid=chrome-instant&amp;ion=1&amp;espv=2&amp;ie=UTF-8#q=+bayesianlogistic+distribution+matlab,"https://www.google.co.in/url?sa=t&amp;rct=j&amp;q=&amp;esrc=s&amp;source=web&amp;cd=4&amp;ved=0ahUKEwi0sqrGx5bTAhWKu48KHcD6Dx4QFggwMAM&amp;url=https%3A%2F%2Fwww.mathworks.com%2Fhelp%2Fstats%2Flogistic-distribution-1.html&amp;usg=AFQjCNEwaCV8KiN-hqapMXvz8duaw4zV5A&amp;sig2=JpvhEtz5FVOC8-qE7PqgdQ&amp;bvm=bv.152174688,d.c2I&amp;cad=rja",,42834.20,qhhhg79a25d6keh1pbpmr4m4hmc
,356,1491712921,https://www.google.co.in/,https://in.mathworks.com/help/stats/examples/bayesian-analysis-for-a-logistic-regression-model.html,https://in.mathworks.com/help/stats/examples/bayesian-analysis-for-a-logistic-regression-model.html,,42834.20,qhhhg79a25d6keh1pbpmr4m4hmc
,356,1491712925,https://www.google.co.in/,https://in.mathworks.com/help/stats/examples/bayesian-analysis-for-a-logistic-regression-model.html,https://in.mathworks.com/help/stats/logistic-distribution-1.html,,42834.20,qhhhg79a25d6keh1pbpmr4m4hmc
,356,1491712982,https://in.mathworks.com/help/stats/logistic-distribution-1.html,https://in.mathworks.com/help/stats/logistic-distribution-1.html,https://in.mathworks.com/help/stats/cdf.html,,42834.20,qhhhg79a25d6keh1pbpmr4m4hmc
,356,1491713017,https://in.mathworks.com/help/stats/cdf.html,https://in.mathworks.com/help/stats/cdf.html,https://in.mathworks.com/help/stats/gamma-distribution.html,,42834.20,qhhhg79a25d6keh1pbpmr4m4hmc
,356,1491713029,https://in.mathworks.com/help/stats/logistic-distribution-1.html,https://in.mathworks.com/help/stats/gamma-distribution.html,https://in.mathworks.com/help/stats/cdf.html,,42834.20,qhhhg79a25d6keh1pbpmr4m4hmc
,356,1491713042,https://in.mathworks.com/help/stats/cdf.html,https://in.mathworks.com/help/stats/cdf.html,https://in.mathworks.com/help/stats/logistic-distribution.html,,42834.20,qhhhg79a25d6keh1pbpmr4m4hmc
,356,1491713083,https://in.mathworks.com/help/stats/logistic-distribution-1.html,https://in.mathworks.com/help/stats/logistic-distribution.html,https://in.mathworks.com/help/stats/cdf.html,,42834.20,qhhhg79a25d6keh1pbpmr4m4hmc
,356,1491713090,https://in.mathworks.com/help/stats/cdf.html,https://in.mathworks.com/help/stats/cdf.html,https://in.mathworks.com/help/stats/loglogistic-distribution.html,,42834.20,qhhhg79a25d6keh1pbpmr4m4hmc
