payoneer_search_ads.site	payoneer_search_ads.country	payoneer_search_ads.referrerrefid	payoneer_search_ads.keywords	payoneer_search_ads.visits_estimatedvalue	payoneer_search_ads.year	payoneer_search_ads.month
payoneer.com*	356	10341	clickbank india	496.8333955334154	16	11
payoneer.com*	356	10341	uk test bank account number	45.16667232121957	16	11
payoneer.com*	356	10341	steam wallet from paypal	45.16667232121957	16	11
payoneer.com*	356	10341	tricks to get paypal funds released	45.16667232121957	16	11
payoneer.com*	356	10341	how to earn money using payoneer	45.16667232121957	16	11
payoneer.com*	356	10341	payoneer.com	45.16667232121957	16	11
payoneer.com*	356	10341	amazon affiliate program	44.40736766221791	16	12
payoneer.com*	356	10341	clikbank	45.16667232121957	16	11
payoneer.com*	356	10341	upwork review	45.16667232121957	16	11
payoneer.com*	356	10341	paypal purpose code for india	45.16667232121957	16	11
payoneer.com*	356	10341	dcm network affiliates	45.16667232121957	16	11
payoneer.com*	356	10341	paynoor	45.16667232121957	16	11
payoneer.com*	356	10341	clickbank.com	948.5001187456112	16	11
payoneer.com*	356	10341	paypal india	45.16667232121957	16	11
payoneer.com*	356	10341	indian virtual bank account	45.16667232121957	16	11
payoneer.com*	356	10341	paypal alternative	44.40736766221791	16	12
payoneer.com*	356	10341	authentic online jobs	45.16667232121957	16	11
payoneer.com*	356	10341	online jobs in india without registration fee	271.0000339273175	16	11
payoneer.com*	356	10341	best affiliate programs site	45.16667232121957	16	11
payoneer.com*	356	10341	online jobs	722.6667571395134	16	11
payoneer.com*	356	10341	online jobs for students	45.16667232121957	16	11
payoneer.com*	356	10341	web designing jobs in amritsar	45.16667232121957	16	11
payoneer.com*	356	13901	bill filling job online	108.96148120657256	16	11
payoneer.com*	356	10341	amazon affiliate program	45.16667232121957	16	11
payoneer.com*	356	10341	paypal id is dambuamit@gmail.com!	45.16667232121957	16	11
payoneer.com*	356	10341	http //www.iibmindia.in/ affiliate program	34.976881731248625	17	1
payoneer.com*	356	10341	peerfly	34.976881731248625	17	1
payoneer.com*	356	10341	affiliate marketing youtube	34.976881731248625	17	1
payoneer.com*	356	10341	clickbank marketplace	34.976881731248625	17	1
payoneer.com*	356	10341	add and posting online job for students in india	34.976881731248625	17	1
payoneer.com*	356	10341	paypal india	384.745699043735	17	1
payoneer.com*	356	10341	paypal mandatory fields	34.976881731248625	17	1
payoneer.com*	356	10341	insurance affiliate program india	34.976881731248625	17	1
payoneer.com*	356	10341	clickbank payment method	34.976881731248625	17	1
payoneer.com*	356	10341	how to register in commission junction	34.976881731248625	17	1
payoneer.com*	356	10341	affiliate programs india	384.745699043735	17	1
payoneer.com*	356	10341	freelancer.com	34.976881731248625	17	1
payoneer.com*	356	10341	how to earn by clickbank	34.976881731248625	17	1
payoneer.com*	356	10341	payoneer login	34.976881731248625	17	1
payoneer.com*	356	10341	alternative to paypal	45.16667232121957	16	11
payoneer.com*	356	10341	free online jobs	45.16667232121957	16	11
payoneer.com*	356	10341	indian affiliate networks	45.16667232121957	16	11
payoneer.com*	356	10341	clickbank university	34.976881731248625	17	1
payoneer.com*	356	10341	free online jobs	34.976881731248625	17	1
payoneer.com*	356	10341	how can transfer money from microworkers to my bank account	44.40736766221791	16	12
payoneer.com*	356	10341	paypal india for ngo	44.40736766221791	16	12
payoneer.com*	356	13901	payoneer india	75.56291760287708	16	12
payoneer.com*	356	10341	captcha job online	44.40736766221791	16	12
payoneer.com*	356	10341	neverblue	44.40736766221791	16	12
payoneer.com*	356	10341	paynoor	44.40736766221791	16	12
payoneer.com*	356	10341	genuine online job with highly paid	44.40736766221791	16	12
payoneer.com*	356	10341	instant pay affiliate programs paypal  12/2016	266.4442059733075	16	12
payoneer.com*	356	10341	nokair.com affiliate program	34.976881731248625	17	1
payoneer.com*	356	10341	stripe vs paypal	44.40736766221791	16	12
payoneer.com*	356	10341	transcription jobs online	34.976881731248625	17	1
payoneer.com*	356	10341	flipkart affiliate program	177.6294706488717	16	12
payoneer.com*	356	10341	affiliate marketing youtube	44.40736766221791	16	12
payoneer.com*	356	10341	online jobs	1376.6283975287556	16	12
payoneer.com*	356	10341	click bank	488.48104428439717	16	12
payoneer.com*	356	10341	freelancing jobs	44.40736766221791	16	12
payoneer.com*	356	10341	clickbank affiliate	44.40736766221791	16	12
payoneer.com*	356	10341	tupperware affiliate program	44.40736766221791	16	12
payoneer.com*	356	10341	ad posting job cash out by paypal	45.16667232121957	16	11
payoneer.com*	356	10341	pay international bills online	45.16667232121957	16	11
payoneer.com*	356	10341	us bank account for indian company	45.16667232121957	16	11
payoneer.com*	356	10341	cheapest way to wire money internationally	44.40736766221791	16	12
payoneer.com*	356	10341	clickbank	4618.366236870664	16	12
payoneer.com*	356	10341	clickbank affiliate login	44.40736766221791	16	12
payoneer.com*	356	10341	clickbank sign up	266.4442059733075	16	12
payoneer.com*	356	10341	implement affiliate program for my business	44.40736766221791	16	12
payoneer.com*	356	10341	paypal to icicibank india	44.40736766221791	16	12
payoneer.com*	356	10341	us bank account open online	44.40736766221791	16	12
payoneer.com*	356	11411	freelance design jobs in uk	20.11239985073439	16	12
payoneer.com*	356	10341	tradedoubler widget on indian publishers	44.40736766221791	16	12
payoneer.com*	356	10341	affiliate jobs from home in india	44.40736766221791	16	12
payoneer.com*	356	10341	paypal account india	34.976881731248625	17	1
payoneer.com*	356	10341	affiliate programs	34.976881731248625	17	1
payoneer.com*	356	10341	click bank	34.976881731248625	17	1
payoneer.com*	356	10341	online affiliate jobs	34.976881731248625	17	1
payoneer.com*	356	10341	skimlinks india	44.40736766221791	16	12
payoneer.com*	356	10341	affiliate marketing course	34.976881731248625	17	1
payoneer.com*	356	10341	envato	45.16667232121957	16	11
payoneer.com*	356	10451	accept payment from uk in usa paypal	20.11239985073439	16	12
payoneer.com*	356	10341	online jobs for logo design	44.40736766221791	16	12
payoneer.com*	356	10341	free paypal account	44.40736766221791	16	12
payoneer.com*	356	10341	freelancer.com	266.4442059733075	16	12
payoneer.com*	356	10341	shareasale	45.16667232121957	16	11
payoneer.com*	356	10341	how to be an affiliate publisher in india	45.16667232121957	16	11
payoneer.com*	356	10341	youtube affiliate earn	45.16667232121957	16	11
payoneer.com*	356	10341	affiliate marketing jobs	45.16667232121957	16	11
payoneer.com*	356	10341	peerfly	45.16667232121957	16	11
payoneer.com*	356	10341	paypal adaptive payments api	45.16667232121957	16	11
payoneer.com*	356	10341	freelancer login	271.0000339273175	16	11
payoneer.com*	356	10341	payumoney international payments	45.16667232121957	16	11
payoneer.com*	356	10341	how to receive payment through paypal	45.16667232121957	16	11
payoneer.com*	356	10341	international wire transfer through hdfc bank	45.16667232121957	16	11
payoneer.com*	356	10341	payoneer india	1174.333480351709	16	11
payoneer.com*	356	10341	paytm affiliate program closed	45.16667232121957	16	11
payoneer.com*	356	10341	youtube affiliate marketing make $450 a day easy revealed	271.0000339273175	16	11
payoneer.com*	356	10341	paytm affiliate programs	45.16667232121957	16	11
payoneer.com*	356	10341	clickbank account	45.16667232121957	16	11
payoneer.com*	356	13901	payoneer	108.96148120657256	16	11
payoneer.com*	356	10341	tamil movies 2016	45.16667232121957	16	11
payoneer.com*	356	10341	freelance marketplace	45.16667232121957	16	11
payoneer.com*	356	10341	paypal email id	45.16667232121957	16	11
payoneer.com*	356	10341	paytm affiliate program	45.16667232121957	16	11
payoneer.com*	356	13901	affiliate networks	108.96148120657256	16	11
payoneer.com*	356	10341	peopleperhour	271.0000339273175	16	11
payoneer.com*	356	10341	best way to receive money in india	45.16667232121957	16	11
payoneer.com*	356	10341	www.instant paypalpayments	45.16667232121957	16	11
payoneer.com*	356	13901	clickbank	108.96148120657256	16	11
payoneer.com*	356	10341	envato market	45.16667232121957	16	11
payoneer.com*	356	10341	microworkers/phone verification	45.16667232121957	16	11
payoneer.com*	356	10341	mobile recharge by paypal	45.16667232121957	16	11
payoneer.com*	356	10341	online jobs in delhi ncr	45.16667232121957	16	11
payoneer.com*	356	10341	sell digital products online with paypal	45.16667232121957	16	11
payoneer.com*	356	10911	affiliate network in pakistan	124.09199657891378	16	11
payoneer.com*	356	10341	paypal to bank transfer	45.16667232121957	16	11
payoneer.com*	356	10341	online jobs in india	45.16667232121957	16	11
payoneer.com*	356	10341	online jobs through mobile internet	45.16667232121957	16	11
payoneer.com*	356	10341	paypal steam	45.16667232121957	16	11
payoneer.com*	356	10341	laravel paypal	45.16667232121957	16	11
payoneer.com*	356	10341	removing bank account from paypal	271.0000339273175	16	11
payoneer.com*	356	10341	dukascopy europe bank account	45.16667232121957	16	11
payoneer.com*	356	10341	online payment options other than paypal	45.16667232121957	16	11
payoneer.com*	356	10341	payoneer	2981.000373200492	16	11
payoneer.com*	356	10341	fiverr india	271.0000339273175	16	11
payoneer.com*	356	10341	virtual banking solutions	45.16667232121957	16	11
payoneer.com*	356	10341	how to receive payments online in my wallet	45.16667232121957	16	11
payoneer.com*	356	10341	how to write a description on paypal account limitation	45.16667232121957	16	11
payoneer.com*	356	10341	ebay affiliate marketting	45.16667232121957	16	11
payoneer.com*	356	10341	freelancer.com	45.16667232121957	16	11
payoneer.com*	356	10341	online jobs free	45.16667232121957	16	11
payoneer.com*	356	13901	open nigerian bank account from uk	108.96148120657256	16	11
payoneer.com*	356	10341	can i have multiple freedom.tm account with single paypal account	45.16667232121957	16	11
payoneer.com*	356	10341	how to open an bank account in uk	45.16667232121957	16	11
payoneer.com*	356	10341	paypal account holder in indian	45.16667232121957	16	11
payoneer.com*	356	10341	paypal commission rate india	45.16667232121957	16	11
payoneer.com*	356	10341	data entry jobs online	45.16667232121957	16	11
payoneer.com*	356	10341	where can i pay by paypal	45.16667232121957	16	11
payoneer.com*	356	10341	clickbank	4561.833904443178	16	11
payoneer.com*	356	10341	how to collect international payments in india	45.16667232121957	16	11
payoneer.com*	356	10341	payoneer account	271.0000339273175	16	11
payoneer.com*	356	10341	fiverr.com	45.16667232121957	16	11
payoneer.com*	356	10341	affiliate publisher	45.16667232121957	16	11
payoneer.com*	356	10341	microworkers	45.16667232121957	16	11
payoneer.com*	356	10341	payoneer el salvador	34.976881731248625	17	1
payoneer.com*	356	10341	paypal email	34.976881731248625	17	1
payoneer.com*	356	10341	online jobs in coimbatore	45.16667232121957	16	11
payoneer.com*	356	10341	how to connect paypal to bank account	45.16667232121957	16	11
payoneer.com*	356	10341	policybazaar affiliate program	45.16667232121957	16	11
payoneer.com*	356	10341	99designs contests	45.16667232121957	16	11
payoneer.com*	356	10341	affiliate marketing of amazon on youtube	45.16667232121957	16	11
payoneer.com*	356	10341	international online jobs without registration fee	45.16667232121957	16	11
payoneer.com*	356	10341	shareasale recruit affilaites	45.16667232121957	16	11
payoneer.com*	356	10341	amazon affliate on youtube	45.16667232121957	16	11
payoneer.com*	356	10341	click bank	271.0000339273175	16	11
payoneer.com*	356	10341	receive money overseas online	45.16667232121957	16	11
payoneer.com*	356	10341	behance	44.40736766221791	16	12
payoneer.com*	356	10341	guru.com	45.16667232121957	16	11
payoneer.com*	356	10341	paypal payment success return file	45.16667232121957	16	11
payoneer.com*	356	10341	payoneer india	44.40736766221791	16	12
payoneer.com*	356	10341	it jobs in delhi ncr	45.16667232121957	16	11
payoneer.com*	356	10341	online job	271.0000339273175	16	11
payoneer.com*	356	10341	paypal bank account no funds	45.16667232121957	16	11
payoneer.com*	356	10341	trusted online cut and copy paste online job sites	44.40736766221791	16	12
payoneer.com*	356	10341	affiliate marketing india	44.40736766221791	16	12
payoneer.com*	356	10341	what is the use of paypal india	44.40736766221791	16	12
payoneer.com*	356	10341	www.clickbank.com	266.4442059733075	16	12
payoneer.com*	356	10341	99designs.com	44.40736766221791	16	12
payoneer.com*	356	10341	how to edit bank details on clickbank	44.40736766221791	16	12
payoneer.com*	356	10341	payoneer.com	44.40736766221791	16	12
payoneer.com*	356	10341	fiverr	44.40736766221791	16	12
payoneer.com*	356	10341	microworkers india	44.40736766221791	16	12
payoneer.com*	356	10341	odesk	266.4442059733075	16	12
payoneer.com*	356	10341	bluehost affiliate india	266.4442059733075	16	12
payoneer.com*	356	13901	payoneer	453.37750561726256	16	12
payoneer.com*	356	10341	get transaction details paypal	44.40736766221791	16	12
payoneer.com*	356	10341	online job for school students	44.40736766221791	16	12
payoneer.com*	356	10341	freelancer login	710.5178825954868	16	12
payoneer.com*	356	10341	list of affiliate programs in india	44.40736766221791	16	12
payoneer.com*	356	10341	commission junction	266.4442059733075	16	12
payoneer.com*	356	10341	is there wallet facility on paypal	44.40736766221791	16	12
payoneer.com*	356	10341	payooner	44.40736766221791	16	12
payoneer.com*	356	10341	online jobs in trivandrum	44.40736766221791	16	12
payoneer.com*	356	10341	cost per sale affiliate networks	44.40736766221791	16	12
payoneer.com*	356	10341	how to make money from clickbank	44.40736766221791	16	12
payoneer.com*	356	10341	how to make best affiliate marketing site using own domain	44.40736766221791	16	12
payoneer.com*	356	10341	online shopping affiliate network in uk	44.40736766221791	16	12
payoneer.com*	356	10341	peopleperhour	266.4442059733075	16	12
payoneer.com*	356	10341	can i sell my youtube channel subscribers through affiliate marketing	44.40736766221791	16	12
payoneer.com*	356	10341	envato market	44.40736766221791	16	12
payoneer.com*	356	10341	legit online jobs in india	44.40736766221791	16	12
payoneer.com*	356	10341	online shopping affiliate programs india	44.40736766221791	16	12
payoneer.com*	356	10341	how to receive international payment in india	44.40736766221791	16	12
payoneer.com*	356	10341	payoneer signup	44.40736766221791	16	12
payoneer.com*	356	10341	secure data entry jobs online	44.40736766221791	16	12
payoneer.com*	356	10341	paypal india	44.40736766221791	16	12
payoneer.com*	356	10341	payonner	44.40736766221791	16	12
payoneer.com*	356	10341	99design	44.40736766221791	16	12
payoneer.com*	356	10341	shareasale	44.40736766221791	16	12
payoneer.com*	356	13901	indian affilate programme	75.56291760287708	16	12
payoneer.com*	356	10341	accept payment through paypal	44.40736766221791	16	12
payoneer.com*	356	10341	high paid affiliate programs	44.40736766221791	16	12
payoneer.com*	356	10341	affiliate marketing on youtube affect adsense	44.40736766221791	16	12
payoneer.com*	356	10341	paynoer	44.40736766221791	16	12
payoneer.com*	356	10341	vitamix affiliate program	44.40736766221791	16	12
payoneer.com*	356	13901	clickbank	75.56291760287708	16	12
payoneer.com*	356	10341	how to get job in upwork	44.40736766221791	16	12
payoneer.com*	356	10341	microworkers help	44.40736766221791	16	12
payoneer.com*	356	10341	clickbank test account	44.40736766221791	16	12
payoneer.com*	356	10341	online jobs data entry	44.40736766221791	16	12
payoneer.com*	356	10341	parttime online jobs i india	44.40736766221791	16	12
payoneer.com*	356	10341	seoclerks	266.4442059733075	16	12
payoneer.com*	356	10341	payoneer	4263.10729557292	16	12
payoneer.com*	356	10341	best saas based affiliate programs	44.40736766221791	16	12
payoneer.com*	356	10341	international funds transfer by netbanking	44.40736766221791	16	12
payoneer.com*	356	10341	register on payoneer	44.40736766221791	16	12
payoneer.com*	356	10341	opening a bank account in usa	177.6294706488717	16	12
payoneer.com*	356	10341	open us bank account from india	44.40736766221791	16	12
payoneer.com*	356	10341	google online job	44.40736766221791	16	12
payoneer.com*	356	10341	online jobs in vizag	44.40736766221791	16	12
payoneer.com*	356	10341	www.freelance.com login	266.4442059733075	16	12
payoneer.com*	356	13901	receive indian rupees payment with paypal	75.56291760287708	16	12
payoneer.com*	356	10341	peerfly	44.40736766221791	16	12
payoneer.com*	356	10341	commission junction login	44.40736766221791	16	12
payoneer.com*	356	10341	affiliate program amazon	44.40736766221791	16	12
payoneer.com*	356	10341	clickbank affiliate account sign up	44.40736766221791	16	12
payoneer.com*	356	10341	online jobs in bangalore	44.40736766221791	16	12
payoneer.com*	356	10341	online jobs in india	488.48104428439717	16	12
payoneer.com*	356	10341	people per hour	44.40736766221791	16	12
payoneer.com*	356	10341	payments using paypal	44.40736766221791	16	12
payoneer.com*	356	10341	online jobs for students	44.40736766221791	16	12
payoneer.com*	356	10341	online payment received	44.40736766221791	16	12
payoneer.com*	356	10341	online jobs for web designers	44.40736766221791	16	12
payoneer.com*	356	10341	best method to accept international payment in india	44.40736766221791	16	12
payoneer.com*	356	10341	daily pay online jobs	44.40736766221791	16	12
payoneer.com*	356	10341	microworkers	266.4442059733075	16	12
payoneer.com*	356	10341	microworkers.com	44.40736766221791	16	12
payoneer.com*	356	13901	us virtual bank account	75.56291760287708	16	12
payoneer.com*	356	10341	online jobs in coimbatore	44.40736766221791	16	12
payoneer.com*	356	10341	freelancer india	44.40736766221791	16	12
payoneer.com*	356	10341	how to affiliate with youtube	44.40736766221791	16	12
payoneer.com*	356	10341	tata affiliate program	44.40736766221791	16	12
payoneer.com*	356	10341	how to create product link for youtube videos	44.40736766221791	16	12
payoneer.com*	356	10341	international payment system	44.40736766221791	16	12
payoneer.com*	356	10341	clickbank affiliates	44.40736766221791	16	12
payoneer.com*	356	10341	online jobs for students in india	44.40736766221791	16	12
payoneer.com*	356	10341	clickbank.com	44.40736766221791	16	12
payoneer.com*	356	10341	how to use flipkart affiliate marketing on youtube	44.40736766221791	16	12
payoneer.com*	356	10341	payoneer account	44.40736766221791	16	12
payoneer.com*	356	10341	zivame	44.40736766221791	16	12
payoneer.com*	356	10341	how to receive payment from paypal	44.40736766221791	16	12
payoneer.com*	356	10341	elance	488.48104428439717	16	12
payoneer.com*	356	10341	free lancer.com	44.40736766221791	16	12
payoneer.com*	356	10341	clickbank sign up form	44.40736766221791	16	12
payoneer.com*	356	10341	online job	44.40736766221791	16	12
payoneer.com*	356	10341	what is a paypal account	44.40736766221791	16	12
payoneer.com*	356	10341	paypal pos machine in india	34.976881731248625	17	1
payoneer.com*	356	10341	payoneer sign up	34.976881731248625	17	1
payoneer.com*	356	10341	upwork	44.40736766221791	16	12
payoneer.com*	356	10341	add money from paypal to bank account	266.4442059733075	16	12
payoneer.com*	356	10341	how to transfer money from paypal usd to inr	44.40736766221791	16	12
payoneer.com*	356	10341	how much amazon affiliate pay	44.40736766221791	16	12
payoneer.com*	356	10341	online jobs in kerala	34.976881731248625	17	1
payoneer.com*	356	10341	upwork.com	34.976881731248625	17	1
payoneer.com*	356	10341	amazon affilated program	34.976881731248625	17	1
payoneer.com*	356	10341	online jobs for student in usd	34.976881731248625	17	1
payoneer.com*	356	10341	amazon afiliate program	34.976881731248625	17	1
payoneer.com*	356	10341	best online job to have	34.976881731248625	17	1
payoneer.com*	356	10341	paypal bangalore	384.745699043735	17	1
payoneer.com*	356	10341	india benefit of having bank account in america	34.976881731248625	17	1
payoneer.com*	356	10341	payoneer india	559.6301076999782	17	1
payoneer.com*	356	10341	affiliate networks in india	44.40736766221791	16	12
payoneer.com*	356	10341	yepme affiliate program	44.40736766221791	16	12
payoneer.com*	356	10341	shoppers stop affiliate program	34.976881731248625	17	1
payoneer.com*	356	10341	seoclerk	34.976881731248625	17	1
payoneer.com*	356	10341	affiliate programs flipkart	34.976881731248625	17	1
payoneer.com*	356	10341	www.clickbank.com	34.976881731248625	17	1
payoneer.com*	356	13901	payoneer	525.6000364694111	17	1
payoneer.com*	356	10341	paypal review in india	34.976881731248625	17	1
payoneer.com*	356	10341	99designs.com	34.976881731248625	17	1
payoneer.com*	356	10341	payoneer.com	34.976881731248625	17	1
payoneer.com*	356	10341	payonerer	34.976881731248625	17	1
payoneer.com*	356	10341	how to affiliate a you tube link	34.976881731248625	17	1
payoneer.com*	356	10341	online jobs in india with no investment	34.976881731248625	17	1
payoneer.com*	356	10341	top affiliate networks in india	34.976881731248625	17	1
payoneer.com*	356	13901	how to put affiliate links on youtube videos	47.78182149721917	17	1
payoneer.com*	356	10341	open american bank account online from india	34.976881731248625	17	1
payoneer.com*	356	10341	online jobs in rajahmundry	34.976881731248625	17	1
payoneer.com*	356	10341	paypall	34.976881731248625	17	1
payoneer.com*	356	10341	lic online payment but sleep not received	139.90752692499456	17	1
payoneer.com*	356	10341	paroneer	34.976881731248625	17	1
payoneer.com*	356	13901	paypal.com	47.78182149721917	17	1
payoneer.com*	356	10341	how a person earn affiliate program from amazon	34.976881731248625	17	1
payoneer.com*	356	10341	mobikwik affiliate program	34.976881731248625	17	1
payoneer.com*	356	13901	clickbank	47.78182149721917	17	1
payoneer.com*	356	10341	seoclerks	34.976881731248625	17	1
payoneer.com*	356	10341	top 10 affiliate networks in india	34.976881731248625	17	1
payoneer.com*	356	10341	amazon affiliate program youtube	34.976881731248625	17	1
payoneer.com*	356	10341	paypal	34.976881731248625	17	1
payoneer.com*	356	10341	open a us bank account for non resident alien	34.976881731248625	17	1
payoneer.com*	356	10341	it hardware and networking jobs in delhi ncr	34.976881731248625	17	1
payoneer.com*	356	10341	escrow com is payment gateway integration in php	34.976881731248625	17	1
payoneer.com*	356	10341	self help affiliate programs	34.976881731248625	17	1
payoneer.com*	356	10341	how to affiliate with a network on youtube	34.976881731248625	17	1
payoneer.com*	356	10341	us bank account for indian	34.976881731248625	17	1
payoneer.com*	356	10341	payneer	34.976881731248625	17	1
payoneer.com*	356	10341	youtube affiliate program	34.976881731248625	17	1
payoneer.com*	356	10341	people per hour	34.976881731248625	17	1
payoneer.com*	356	10341	payooneer	34.976881731248625	17	1
payoneer.com*	356	10341	how to withdraw money from paypal account in india	34.976881731248625	17	1
payoneer.com*	356	10341	how to create paypal account	34.976881731248625	17	1
payoneer.com*	356	10341	work online job all sites	34.976881731248625	17	1
payoneer.com*	356	10341	kusha raha	34.976881731248625	17	1
payoneer.com*	356	10341	fiverr funding	34.976881731248625	17	1
payoneer.com*	356	10341	paypal india login	34.976881731248625	17	1
payoneer.com*	356	10341	freeleancer login	34.976881731248625	17	1
payoneer.com*	356	10341	payoneer	7135.283873174722	17	1
payoneer.com*	356	10341	jp international school online payment	34.976881731248625	17	1
payoneer.com*	356	10341	india affiliate program	34.976881731248625	17	1
payoneer.com*	356	10341	web development job ncr delhi	34.976881731248625	17	1
payoneer.com*	356	10341	how to make an international payment	34.976881731248625	17	1
payoneer.com*	356	10341	payoneer affiliate	34.976881731248625	17	1
payoneer.com*	356	10341	flipkart affiliate program	34.976881731248625	17	1
payoneer.com*	356	10341	how to become super affiliate	34.976881731248625	17	1
payoneer.com*	356	10341	www.paypal.com new account	34.976881731248625	17	1
payoneer.com*	356	10341	geniune online jobs	34.976881731248625	17	1
payoneer.com*	356	10341	online jobs	384.745699043735	17	1
payoneer.com*	356	10341	clickbank india	34.976881731248625	17	1
payoneer.com*	356	10341	affiliate marketplace	34.976881731248625	17	1
payoneer.com*	356	10341	how to do affiliate marketing with clickbank	34.976881731248625	17	1
payoneer.com*	356	10341	freelance writing jobs online for beginners	34.976881731248625	17	1
payoneer.com*	356	10341	online jobs in us to work from india	34.976881731248625	17	1
payoneer.com*	356	10341	apple affiliate program	34.976881731248625	17	1
payoneer.com*	356	10341	paypal money adder in india	34.976881731248625	17	1
payoneer.com*	356	10341	sharesale	34.976881731248625	17	1
payoneer.com*	356	10341	best online jobs	34.976881731248625	17	1
payoneer.com*	356	10341	affiliate networks	34.976881731248625	17	1
payoneer.com*	356	10341	paypal india account	34.976881731248625	17	1
payoneer.com*	356	10341	freelancing	34.976881731248625	17	1
payoneer.com*	356	10341	clickbank	3532.665054856112	17	1
payoneer.com*	356	10341	clickbank sign up	34.976881731248625	17	1
payoneer.com*	356	10341	similar companies like paypal	34.976881731248625	17	1
payoneer.com*	356	10341	payoneer for freelancers	34.976881731248625	17	1
payoneer.com*	356	10341	online  job	34.976881731248625	17	1
payoneer.com*	356	10341	website affiliate program	209.8612903874918	17	1
payoneer.com*	356	10341	why cant i open account in paypal in india	34.976881731248625	17	1
payoneer.com*	356	10341	how to get paypal gateway	34.976881731248625	17	1
payoneer.com*	356	10341	us bank checking account	34.976881731248625	17	1
payoneer.com*	356	10341	microworkers	34.976881731248625	17	1
payoneer.com*	356	10341	amazon affilated programs	34.976881731248625	17	1
payoneer.com*	356	10341	online programming jobs	34.976881731248625	17	1
payoneer.com*	356	10341	click bank.com	34.976881731248625	17	1
payoneer.com*	356	10341	payoneer bank transfer	34.976881731248625	17	1
payoneer.com*	356	10341	paypal.com	34.976881731248625	17	1
payoneer.com*	356	10341	cost per lead affiliate programs india	34.976881731248625	17	1
payoneer.com*	356	10341	clickbank earnings	34.976881731248625	17	1
payoneer.com*	356	10341	coinbase affiliate program	34.976881731248625	17	1
payoneer.com*	356	10341	international payment vcc	34.976881731248625	17	1
payoneer.com*	356	10341	app affiliate program android	34.976881731248625	17	1
payoneer.com*	356	10341	www.fiverr.com	34.976881731248625	17	1
payoneer.com*	356	10341	neverblue affiliate fee	34.976881731248625	17	1
payoneer.com*	356	10341	web development job in delhi apply online	34.976881731248625	17	1
payoneer.com*	356	10341	woccommerce fiverr	34.976881731248625	17	1
payoneer.com*	356	10341	international payment processor	34.976881731248625	17	1
payoneer.com*	356	10341	clickbank.com	139.90752692499456	17	1
payoneer.com*	356	10341	micro working	34.976881731248625	17	1
payoneer.com*	356	10341	send and receive money instantly	34.976881731248625	17	1
payoneer.com*	356	10341	guru.com	34.976881731248625	17	1
payoneer.com*	356	10341	upwork	209.8612903874918	17	1
payoneer.com*	356	10341	online job	384.745699043735	17	1
payoneer.com*	356	10341	neverblue	34.976881731248625	17	1
payoneer.com*	356	10341	naukri affiliate program	34.976881731248625	17	1
payoneer.com*	356	10341	payoneer details	34.976881731248625	17	1
payoneer.com*	356	10341	free online jobs in chennai	34.976881731248625	17	1
payoneer.com*	356	10341	how to get coupon affiliates	34.976881731248625	17	1
payoneer.com*	356	10341	how to make account on paypal	34.976881731248625	17	1
