dstv1.app	dstv1.country	dstv1.raw_devices	dstv1.raw_users	dstv1.raw_installs	dstv1.raw_uninstalls	dstv1.raw_updates	dstv1.raw_sessions	dstv1.raw_usage_time	dstv1.raw_sessions_squared	dstv1.raw_real_sessions_squared	dstv1.raw_usage_squared	dstv1.raw_is_installed	dstv1.raw_is_uninstalled	dstv1.raw_qualifying_as_active_users	dstv1.reach	dstv1.active_users	dstv1.sessions	dstv1.usage_time	dstv1.year	dstv1.month	dstv1.day
com.dstvmobile.app.adrifta.product	288	8.0	0.0	0.0	0.0	0.0	0.0	0.0	0.0	0.0	0.0	0.0	0.0	5.0	6.94777480662E-4	2.75705349469E-6	NULL	NULL	16	11	19
com.dstvmobile.app.adrifta.product	480	1.0	0.0	0.0	0.0	0.0	0.0	0.0	0.0	0.0	0.0	0.0	0.0	1.0	2.71213589322E-5	0.0	NULL	NULL	16	11	19
com.dstvmobile.app.adrifta.product	56	1.0	0.0	0.0	0.0	0.0	0.0	0.0	0.0	0.0	0.0	0.0	0.0	1.0	3.7282765894E-5	0.0	NULL	NULL	16	11	19
com.dstvmobile.app.adrifta.product	430	1.0	0.0	0.0	0.0	0.0	0.0	0.0	0.0	0.0	0.0	0.0	0.0	1.0	0.00250824891487	0.0	NULL	NULL	16	11	19
com.dstvmobile.app.adrifta.product	404	2.0	0.0	0.0	0.0	0.0	0.0	0.0	0.0	0.0	0.0	0.0	0.0	0.0	1.67179240717E-4	0.0	NULL	NULL	16	11	19
com.dstvmobile.app.adrifta.product	784	2.0	0.0	0.0	0.0	0.0	0.0	0.0	0.0	0.0	0.0	0.0	0.0	2.0	2.12307977988E-5	0.0	NULL	NULL	16	11	19
com.dstvmobile.app.adrifta.product	710	178.0	3.0	2.0	0.0	0.0	5.0	35025.164	4.0	11.0	8.13219168956E8	2.0	0.0	109.0	7.7137924312E-4	2.21495733568E-5	3.69159555946E-5	0.258597479783	16	11	19
com.dstvmobile.app.adrifta.product	50	1.0	0.0	0.0	0.0	0.0	0.0	0.0	0.0	0.0	0.0	0.0	0.0	1.0	1.72601868149E-6	0.0	NULL	NULL	16	11	19
com.dstvmobile.app.adrifta.product	826	1.0	0.0	0.0	0.0	0.0	0.0	0.0	0.0	0.0	0.0	0.0	0.0	1.0	1.58513480418E-41	0.0	NULL	NULL	16	11	19
com.dstvmobile.app.adrifta.product	566	74.0	3.0	2.0	1.0	0.0	4.0	82.375	1.0	6.0	3062.199425	2.0	1.0	58.0	0.00197870118641	1.02417938246E-4	1.36557250994E-4	0.00281222588766	16	11	19
com.dstvmobile.app.adrifta.product	524	1.0	0.0	0.0	0.0	0.0	0.0	0.0	0.0	0.0	0.0	0.0	0.0	0.0	9.25704133891E-6	0.0	NULL	NULL	16	11	19
com.dstvmobile.app.adrifta.product	716	1.0	0.0	0.0	0.0	0.0	0.0	0.0	0.0	0.0	0.0	0.0	0.0	0.0	2.00475817444E-4	0.0	NULL	NULL	16	11	19
com.dstvmobile.app.adrifta.product	288	9.0	0.0	0.0	0.0	0.0	0.0	0.0	0.0	0.0	0.0	0.0	0.0	7.0	7.84889540052E-4	2.58527516486E-6	NULL	NULL	16	11	18
com.dstvmobile.app.adrifta.product	710	181.0	6.0	0.0	1.0	0.0	10.0	9582.019	6.0	20.0	3.71069076105E7	0.0	1.0	98.0	7.54778043915E-4	4.70063159447E-5	7.78961807083E-5	0.0746402683575	16	11	18
com.dstvmobile.app.adrifta.product	231	1.0	0.0	0.0	0.0	0.0	0.0	0.0	0.0	0.0	0.0	0.0	0.0	1.0	1.45769799015E-4	0.0	NULL	NULL	16	11	18
com.dstvmobile.app.adrifta.product	404	1.0	0.0	0.0	0.0	0.0	0.0	0.0	0.0	0.0	0.0	0.0	0.0	0.0	8.22545586244E-5	0.0	NULL	NULL	16	11	18
com.dstvmobile.app.adrifta.product	784	2.0	0.0	0.0	0.0	0.0	0.0	0.0	0.0	0.0	0.0	0.0	0.0	1.0	2.09898171631E-5	0.0	NULL	NULL	16	11	18
com.dstvmobile.app.adrifta.product	56	1.0	0.0	0.0	0.0	0.0	0.0	0.0	0.0	0.0	0.0	0.0	0.0	1.0	3.75912878952E-5	0.0	NULL	NULL	16	11	18
com.dstvmobile.app.adrifta.product	826	1.0	0.0	0.0	0.0	0.0	0.0	0.0	0.0	0.0	0.0	0.0	0.0	1.0	4.24022761172E-41	0.0	NULL	NULL	16	11	18
com.dstvmobile.app.adrifta.product	840	2.0	0.0	0.0	0.0	0.0	0.0	0.0	0.0	0.0	0.0	0.0	0.0	2.0	7.95684618457E-7	1.23553512183E-7	NULL	NULL	16	11	18
com.dstvmobile.app.adrifta.product	50	1.0	0.0	0.0	0.0	0.0	0.0	0.0	0.0	0.0	0.0	0.0	0.0	1.0	1.72890236223E-6	0.0	NULL	NULL	16	11	18
com.dstvmobile.app.adrifta.product	566	76.0	0.0	0.0	0.0	0.0	0.0	0.0	0.0	0.0	0.0	0.0	0.0	56.0	0.0020857645508	3.42813294355E-6	NULL	NULL	16	11	18
com.dstvmobile.app.adrifta.product	276	1.0	0.0	0.0	0.0	0.0	0.0	0.0	0.0	0.0	0.0	0.0	0.0	1.0	2.42725385203E-6	0.0	NULL	NULL	16	11	18
com.dstvmobile.app.adrifta.product	716	1.0	0.0	0.0	0.0	0.0	0.0	0.0	0.0	0.0	0.0	0.0	0.0	0.0	1.80562446052E-4	0.0	NULL	NULL	16	11	18
com.dstvmobile.app.adrifta.product	288	10.0	0.0	0.0	0.0	0.0	0.0	0.0	0.0	0.0	0.0	0.0	0.0	9.0	8.79435010104E-4	2.46340338965E-6	NULL	NULL	16	11	17
com.dstvmobile.app.adrifta.product	404	3.0	0.0	0.0	0.0	0.0	0.0	0.0	0.0	0.0	0.0	0.0	0.0	1.0	2.48717068264E-4	0.0	NULL	NULL	16	11	17
com.dstvmobile.app.adrifta.product	784	1.0	0.0	0.0	0.0	0.0	0.0	0.0	0.0	0.0	0.0	0.0	0.0	1.0	1.06948580106E-5	0.0	NULL	NULL	16	11	17
com.dstvmobile.app.adrifta.product	231	1.0	0.0	0.0	0.0	0.0	0.0	0.0	0.0	0.0	0.0	0.0	0.0	1.0	1.44070545431E-4	0.0	NULL	NULL	16	11	17
com.dstvmobile.app.adrifta.product	710	197.0	2.0	3.0	1.0	0.0	10.0	714.652	40.0	58.0	380988.519304	2.0	1.0	102.0	8.47128022468E-4	1.64360438705E-5	8.21802193526E-5	0.00587302581208	16	11	17
com.dstvmobile.app.adrifta.product	480	1.0	0.0	0.0	0.0	0.0	0.0	0.0	0.0	0.0	0.0	0.0	0.0	1.0	2.6836777158E-5	0.0	NULL	NULL	16	11	17
com.dstvmobile.app.adrifta.product	508	1.0	0.0	0.0	0.0	0.0	0.0	0.0	0.0	0.0	0.0	0.0	0.0	1.0	2.09972104914E-4	0.0	NULL	NULL	16	11	17
com.dstvmobile.app.adrifta.product	840	2.0	0.0	0.0	0.0	0.0	0.0	0.0	0.0	0.0	0.0	0.0	0.0	2.0	7.17524365398E-7	1.25282032054E-7	NULL	NULL	16	11	17
com.dstvmobile.app.adrifta.product	56	1.0	0.0	0.0	0.0	0.0	0.0	0.0	0.0	0.0	0.0	0.0	0.0	0.0	3.78482133708E-5	0.0	NULL	NULL	16	11	17
com.dstvmobile.app.adrifta.product	826	1.0	0.0	0.0	0.0	0.0	0.0	0.0	0.0	0.0	0.0	0.0	0.0	1.0	4.25850057948E-41	0.0	NULL	NULL	16	11	17
com.dstvmobile.app.adrifta.product	566	77.0	0.0	0.0	0.0	0.0	0.0	0.0	0.0	0.0	0.0	0.0	0.0	56.0	0.00217197082639	3.64527230104E-6	NULL	NULL	16	11	17
com.dstvmobile.app.adrifta.product	50	1.0	0.0	0.0	0.0	0.0	0.0	0.0	0.0	0.0	0.0	0.0	0.0	1.0	1.73120529418E-6	0.0	NULL	NULL	16	11	17
com.dstvmobile.app.adrifta.product	288	9.0	0.0	0.0	0.0	0.0	0.0	0.0	0.0	0.0	0.0	0.0	0.0	5.0	7.82755686546E-4	2.94269055092E-6	NULL	NULL	16	11	25
com.dstvmobile.app.adrifta.product	231	1.0	0.0	0.0	0.0	0.0	0.0	0.0	0.0	0.0	0.0	0.0	0.0	1.0	1.39720575467E-4	0.0	NULL	NULL	16	11	25
com.dstvmobile.app.adrifta.product	710	189.0	2.0	0.0	1.0	0.0	4.0	430.013	4.0	10.0	168509.880145	0.0	1.0	106.0	8.39776653747E-4	1.57459387686E-5	3.14918775372E-5	0.00338547918385	16	11	25
com.dstvmobile.app.adrifta.product	404	3.0	0.0	0.0	0.0	0.0	0.0	0.0	0.0	0.0	0.0	0.0	0.0	0.0	2.511822345E-4	0.0	NULL	NULL	16	11	25
com.dstvmobile.app.adrifta.product	784	1.0	0.0	0.0	0.0	0.0	0.0	0.0	0.0	0.0	0.0	0.0	0.0	1.0	1.08580116767E-5	0.0	NULL	NULL	16	11	25
com.dstvmobile.app.adrifta.product	840	2.0	1.0	0.0	0.0	0.0	3.0	3720.129	4.0	9.0	1.38393597766E7	0.0	0.0	1.0	5.31659429436E-7	2.31996841936E-7	6.95990525808E-7	8.63058179594E-4	16	11	25
com.dstvmobile.app.adrifta.product	56	1.0	0.0	0.0	0.0	0.0	0.0	0.0	0.0	0.0	0.0	0.0	0.0	0.0	3.90539873055E-5	0.0	NULL	NULL	16	11	25
com.dstvmobile.app.adrifta.product	752	1.0	0.0	0.0	0.0	0.0	0.0	0.0	0.0	0.0	0.0	0.0	0.0	1.0	3.50631957919E-5	0.0	NULL	NULL	16	11	25
com.dstvmobile.app.adrifta.product	826	2.0	0.0	0.0	0.0	0.0	0.0	0.0	0.0	0.0	0.0	0.0	0.0	2.0	2.99379097072E-40	0.0	NULL	NULL	16	11	25
com.dstvmobile.app.adrifta.product	430	1.0	0.0	0.0	0.0	0.0	0.0	0.0	0.0	0.0	0.0	0.0	0.0	1.0	0.00251418371292	0.0	NULL	NULL	16	11	25
com.dstvmobile.app.adrifta.product	566	72.0	1.0	0.0	0.0	0.0	1.0	284.044	0.0	1.0	80680.993936	0.0	0.0	48.0	0.00192834051981	3.98938480792E-5	3.98938480792E-5	0.0113316081838	16	11	25
com.dstvmobile.app.adrifta.product	524	1.0	0.0	0.0	0.0	0.0	0.0	0.0	0.0	0.0	0.0	0.0	0.0	0.0	9.29915878038E-6	0.0	NULL	NULL	16	11	25
com.dstvmobile.app.adrifta.product	710	204.0	1.0	0.0	2.0	0.0	1.0	260.926	0.0	1.0	68082.377476	0.0	2.0	120.0	9.2141491453E-4	7.78556610638E-6	7.78556610638E-6	0.00203145662187	16	11	16
com.dstvmobile.app.adrifta.product	288	11.0	0.0	0.0	0.0	0.0	0.0	0.0	0.0	0.0	0.0	0.0	0.0	8.0	9.69064442219E-4	2.92327131891E-6	NULL	NULL	16	11	16
com.dstvmobile.app.adrifta.product	231	1.0	0.0	0.0	0.0	0.0	0.0	0.0	0.0	0.0	0.0	0.0	0.0	1.0	1.49199373079E-4	0.0	NULL	NULL	16	11	16
com.dstvmobile.app.adrifta.product	56	1.0	0.0	0.0	0.0	0.0	0.0	0.0	0.0	0.0	0.0	0.0	0.0	1.0	3.71971711354E-5	0.0	NULL	NULL	16	11	16
com.dstvmobile.app.adrifta.product	404	5.0	0.0	0.0	0.0	0.0	0.0	0.0	0.0	0.0	0.0	0.0	0.0	1.0	4.14029780193E-4	0.0	NULL	NULL	16	11	16
com.dstvmobile.app.adrifta.product	430	1.0	0.0	0.0	0.0	0.0	0.0	0.0	0.0	0.0	0.0	0.0	0.0	1.0	0.0024902684812	0.0	NULL	NULL	16	11	16
com.dstvmobile.app.adrifta.product	840	1.0	0.0	0.0	0.0	0.0	0.0	0.0	0.0	0.0	0.0	0.0	0.0	1.0	1.79114067174E-39	4.07077425396E-40	NULL	NULL	16	11	16
com.dstvmobile.app.adrifta.product	480	1.0	0.0	0.0	0.0	0.0	0.0	0.0	0.0	0.0	0.0	0.0	0.0	1.0	2.66886112735E-5	0.0	NULL	NULL	16	11	16
com.dstvmobile.app.adrifta.product	826	1.0	0.0	0.0	0.0	0.0	0.0	0.0	0.0	0.0	0.0	0.0	0.0	1.0	1.56968348321E-41	0.0	NULL	NULL	16	11	16
com.dstvmobile.app.adrifta.product	566	83.0	1.0	2.0	1.0	1.0	1.0	40.0	0.0	1.0	1600.0	2.0	1.0	58.0	0.00231471233657	4.05295839506E-5	4.05295839506E-5	0.00162118335802	16	11	16
com.dstvmobile.app.adrifta.product	50	1.0	0.0	0.0	0.0	0.0	0.0	0.0	0.0	0.0	0.0	0.0	0.0	1.0	1.75042418725E-6	0.0	NULL	NULL	16	11	16
com.dstvmobile.app.adrifta.product	288	8.0	0.0	0.0	0.0	0.0	0.0	0.0	0.0	0.0	0.0	0.0	0.0	6.0	7.02197259551E-4	2.39086571178E-6	NULL	NULL	16	11	26
com.dstvmobile.app.adrifta.product	231	1.0	0.0	0.0	0.0	0.0	0.0	0.0	0.0	0.0	0.0	0.0	0.0	1.0	1.56111546584E-4	0.0	NULL	NULL	16	11	26
com.dstvmobile.app.adrifta.product	56	1.0	0.0	0.0	0.0	0.0	0.0	0.0	0.0	0.0	0.0	0.0	0.0	1.0	3.87304904034E-5	0.0	NULL	NULL	16	11	26
com.dstvmobile.app.adrifta.product	404	1.0	0.0	0.0	0.0	0.0	0.0	0.0	0.0	0.0	0.0	0.0	0.0	0.0	8.40115047505E-5	0.0	NULL	NULL	16	11	26
com.dstvmobile.app.adrifta.product	784	1.0	0.0	0.0	0.0	0.0	0.0	0.0	0.0	0.0	0.0	0.0	0.0	1.0	1.10275139836E-5	0.0	NULL	NULL	16	11	26
com.dstvmobile.app.adrifta.product	752	1.0	0.0	0.0	0.0	0.0	0.0	0.0	0.0	0.0	0.0	0.0	0.0	1.0	3.56184184051E-5	0.0	NULL	NULL	16	11	26
com.dstvmobile.app.adrifta.product	826	2.0	0.0	0.0	0.0	0.0	0.0	0.0	0.0	0.0	0.0	0.0	0.0	2.0	2.63703808507E-40	0.0	NULL	NULL	16	11	26
com.dstvmobile.app.adrifta.product	710	171.0	4.0	1.0	1.0	0.0	9.0	2696.349	25.0	39.0	6027340.08655	1.0	1.0	98.0	7.1842750833E-4	2.91393566035E-5	6.2441478436E-5	0.0187071131044	16	11	26
com.dstvmobile.app.adrifta.product	840	2.0	1.0	0.0	0.0	0.0	7.0	14727.97	36.0	49.0	2.16913100321E8	0.0	0.0	1.0	7.33471667657E-7	3.33396212571E-7	2.333773488E-6	0.00491024941687	16	11	26
com.dstvmobile.app.adrifta.product	566	65.0	1.0	0.0	0.0	0.0	1.0	1183.506	0.0	1.0	1400686.45204	0.0	0.0	49.0	0.00171867097723	3.53488394977E-5	3.53488394977E-5	0.0418355636385	16	11	26
com.dstvmobile.app.adrifta.product	524	1.0	0.0	0.0	0.0	0.0	0.0	0.0	0.0	0.0	0.0	0.0	0.0	0.0	9.27570060949E-6	0.0	NULL	NULL	16	11	26
com.dstvmobile.app.adrifta.product	36	1.0	0.0	0.0	0.0	0.0	0.0	0.0	0.0	0.0	0.0	0.0	0.0	1.0	1.57641353285E-38	0.0	NULL	NULL	16	11	20
com.dstvmobile.app.adrifta.product	288	9.0	0.0	0.0	0.0	0.0	0.0	0.0	0.0	0.0	0.0	0.0	0.0	8.0	8.07927403013E-4	2.49591412732E-6	NULL	NULL	16	11	20
com.dstvmobile.app.adrifta.product	710	192.0	3.0	0.0	0.0	0.0	4.0	1459.603	1.0	6.0	1422188.44889	0.0	0.0	113.0	8.86296575213E-4	2.3252676355E-5	3.05606603523E-5	0.0111516078831	16	11	20
com.dstvmobile.app.adrifta.product	752	1.0	0.0	0.0	0.0	0.0	0.0	0.0	0.0	0.0	0.0	0.0	0.0	0.0	3.48960243002E-5	0.0	NULL	NULL	16	11	20
com.dstvmobile.app.adrifta.product	430	1.0	0.0	0.0	0.0	0.0	0.0	0.0	0.0	0.0	0.0	0.0	0.0	1.0	0.00245901452874	0.0	NULL	NULL	16	11	20
com.dstvmobile.app.adrifta.product	56	1.0	0.0	0.0	0.0	0.0	0.0	0.0	0.0	0.0	0.0	0.0	0.0	1.0	3.72256159801E-5	0.0	NULL	NULL	16	11	20
com.dstvmobile.app.adrifta.product	826	2.0	0.0	0.0	0.0	0.0	0.0	0.0	0.0	0.0	0.0	0.0	0.0	1.0	3.42865437859E-20	0.0	NULL	NULL	16	11	20
com.dstvmobile.app.adrifta.product	404	1.0	0.0	0.0	0.0	0.0	0.0	0.0	0.0	0.0	0.0	0.0	0.0	0.0	8.47605584946E-5	0.0	NULL	NULL	16	11	20
com.dstvmobile.app.adrifta.product	784	1.0	0.0	0.0	0.0	0.0	0.0	0.0	0.0	0.0	0.0	0.0	0.0	1.0	1.09541413453E-5	0.0	NULL	NULL	16	11	20
com.dstvmobile.app.adrifta.product	516	1.0	0.0	0.0	0.0	0.0	0.0	0.0	0.0	0.0	0.0	0.0	0.0	1.0	1.71172241511E-4	0.0	NULL	NULL	16	11	20
com.dstvmobile.app.adrifta.product	566	71.0	2.0	0.0	0.0	0.0	12.0	7248.608	52.0	74.0	3.25842218E7	0.0	0.0	50.0	0.00195380418784	7.59191603454E-5	4.55514962072E-4	0.275154116517	16	11	20
com.dstvmobile.app.adrifta.product	480	1.0	0.0	0.0	0.0	0.0	0.0	0.0	0.0	0.0	0.0	0.0	0.0	1.0	2.70841985666E-5	0.0	NULL	NULL	16	11	20
com.dstvmobile.app.adrifta.product	840	1.0	1.0	0.0	0.0	0.0	5.0	4930.169	16.0	25.0	2.43065663686E7	0.0	0.0	1.0	1.90103991011E-40	7.1817063271E-41	3.59085316355E-40	3.5407025901E-37	16	11	20
com.dstvmobile.app.adrifta.product	50	1.0	0.0	0.0	0.0	0.0	0.0	0.0	0.0	0.0	0.0	0.0	0.0	1.0	1.73738300047E-6	0.0	NULL	NULL	16	11	20
com.dstvmobile.app.adrifta.product	524	1.0	0.0	0.0	0.0	0.0	0.0	0.0	0.0	0.0	0.0	0.0	0.0	0.0	9.3109762693E-6	0.0	NULL	NULL	16	11	20
com.dstvmobile.app.adrifta.product	716	1.0	0.0	0.0	0.0	0.0	0.0	0.0	0.0	0.0	0.0	0.0	0.0	1.0	2.39508208445E-4	0.0	NULL	NULL	16	11	20
com.dstvmobile.app.adrifta.product	392	1.0	0.0	0.0	0.0	0.0	0.0	0.0	0.0	0.0	0.0	0.0	0.0	1.0	6.14667742848E-6	0.0	NULL	NULL	16	11	30
com.dstvmobile.app.adrifta.product	288	9.0	0.0	0.0	0.0	0.0	0.0	0.0	0.0	0.0	0.0	0.0	0.0	5.0	7.90171004641E-4	1.51373755678E-6	NULL	NULL	16	11	30
com.dstvmobile.app.adrifta.product	231	2.0	0.0	0.0	0.0	0.0	0.0	0.0	0.0	0.0	0.0	0.0	0.0	2.0	2.87715423922E-4	0.0	NULL	NULL	16	11	30
com.dstvmobile.app.adrifta.product	508	1.0	0.0	0.0	0.0	0.0	0.0	0.0	0.0	0.0	0.0	0.0	0.0	1.0	2.09663777384E-4	0.0	NULL	NULL	16	11	30
com.dstvmobile.app.adrifta.product	705	1.0	0.0	0.0	0.0	0.0	0.0	0.0	0.0	0.0	0.0	0.0	0.0	0.0	1.22331431743E-4	0.0	NULL	NULL	16	11	30
com.dstvmobile.app.adrifta.product	710	188.0	3.0	0.0	1.0	0.0	5.0	650.041	2.0	9.0	259885.616825	0.0	1.0	105.0	7.1666130467E-4	2.01520717432E-5	3.39706352242E-5	0.00441646113836	16	11	30
com.dstvmobile.app.adrifta.product	752	1.0	0.0	0.0	0.0	0.0	0.0	0.0	0.0	0.0	0.0	0.0	0.0	0.0	3.43857124143E-5	0.0	NULL	NULL	16	11	30
com.dstvmobile.app.adrifta.product	840	1.0	0.0	0.0	0.0	0.0	0.0	0.0	0.0	0.0	0.0	0.0	0.0	1.0	6.40439708414E-39	1.86794914954E-39	NULL	NULL	16	11	30
com.dstvmobile.app.adrifta.product	404	3.0	0.0	0.0	0.0	0.0	0.0	0.0	0.0	0.0	0.0	0.0	0.0	1.0	2.39303648006E-4	0.0	NULL	NULL	16	11	30
com.dstvmobile.app.adrifta.product	784	1.0	0.0	0.0	0.0	0.0	0.0	0.0	0.0	0.0	0.0	0.0	0.0	1.0	1.11389842878E-5	0.0	NULL	NULL	16	11	30
com.dstvmobile.app.adrifta.product	826	2.0	0.0	0.0	0.0	0.0	0.0	0.0	0.0	0.0	0.0	0.0	0.0	2.0	9.3047297715E-20	0.0	NULL	NULL	16	11	30
com.dstvmobile.app.adrifta.product	834	1.0	0.0	0.0	0.0	0.0	0.0	0.0	0.0	0.0	0.0	0.0	0.0	0.0	1.28904431501E-4	0.0	NULL	NULL	16	11	30
com.dstvmobile.app.adrifta.product	50	1.0	0.0	0.0	0.0	0.0	0.0	0.0	0.0	0.0	0.0	0.0	0.0	0.0	1.76842029206E-6	0.0	NULL	NULL	16	11	30
com.dstvmobile.app.adrifta.product	566	69.0	3.0	0.0	0.0	0.0	6.0	3982.438	5.0	14.0	8751314.66857	0.0	0.0	47.0	0.00182850444549	1.12429258334E-4	2.24858516669E-4	0.149247516901	16	11	30
com.dstvmobile.app.adrifta.product	524	1.0	0.0	0.0	0.0	0.0	0.0	0.0	0.0	0.0	0.0	0.0	0.0	0.0	9.22079457703E-6	0.0	NULL	NULL	16	11	30
com.dstvmobile.app.adrifta.product	716	1.0	0.0	0.0	0.0	0.0	0.0	0.0	0.0	0.0	0.0	0.0	0.0	0.0	1.98038771662E-4	0.0	NULL	NULL	16	11	30
com.dstvmobile.app.adrifta.product	288	6.0	0.0	0.0	0.0	0.0	0.0	0.0	0.0	0.0	0.0	0.0	0.0	3.0	5.19591114225E-4	2.48846319073E-6	NULL	NULL	16	11	29
com.dstvmobile.app.adrifta.product	231	1.0	0.0	0.0	0.0	0.0	0.0	0.0	0.0	0.0	0.0	0.0	0.0	1.0	1.39099257341E-4	0.0	NULL	NULL	16	11	29
com.dstvmobile.app.adrifta.product	56	1.0	0.0	0.0	0.0	0.0	0.0	0.0	0.0	0.0	0.0	0.0	0.0	0.0	3.87175932065E-5	0.0	NULL	NULL	16	11	29
com.dstvmobile.app.adrifta.product	710	192.0	1.0	1.0	0.0	0.0	1.0	160.0	0.0	1.0	25600.0	1.0	0.0	104.0	7.60718215829E-4	7.30197968513E-6	7.30197968513E-6	0.00116831674962	16	11	29
com.dstvmobile.app.adrifta.product	508	1.0	0.0	0.0	0.0	0.0	0.0	0.0	0.0	0.0	0.0	0.0	0.0	1.0	2.04082237395E-4	0.0	NULL	NULL	16	11	29
com.dstvmobile.app.adrifta.product	752	1.0	0.0	0.0	0.0	0.0	0.0	0.0	0.0	0.0	0.0	0.0	0.0	1.0	3.44682592772E-5	0.0	NULL	NULL	16	11	29
com.dstvmobile.app.adrifta.product	404	4.0	0.0	0.0	0.0	0.0	0.0	0.0	0.0	0.0	0.0	0.0	0.0	1.0	3.23411531217E-4	0.0	NULL	NULL	16	11	29
com.dstvmobile.app.adrifta.product	784	1.0	0.0	0.0	0.0	0.0	0.0	0.0	0.0	0.0	0.0	0.0	0.0	1.0	1.11070635441E-5	0.0	NULL	NULL	16	11	29
com.dstvmobile.app.adrifta.product	826	1.0	0.0	0.0	0.0	0.0	0.0	0.0	0.0	0.0	0.0	0.0	0.0	1.0	4.33375340666E-41	0.0	NULL	NULL	16	11	29
com.dstvmobile.app.adrifta.product	768	1.0	0.0	0.0	0.0	0.0	0.0	0.0	0.0	0.0	0.0	0.0	0.0	0.0	3.30456877556E-4	0.0	NULL	NULL	16	11	29
com.dstvmobile.app.adrifta.product	840	1.0	0.0	0.0	0.0	0.0	0.0	0.0	0.0	0.0	0.0	0.0	0.0	1.0	2.24031016919E-39	6.37486633511E-40	NULL	NULL	16	11	29
com.dstvmobile.app.adrifta.product	566	69.0	0.0	0.0	0.0	0.0	0.0	0.0	0.0	0.0	0.0	0.0	0.0	47.0	0.00182973121407	3.57134420893E-6	NULL	NULL	16	11	29
com.dstvmobile.app.adrifta.product	50	1.0	0.0	0.0	0.0	0.0	0.0	0.0	0.0	0.0	0.0	0.0	0.0	0.0	1.72237743789E-6	0.0	NULL	NULL	16	11	29
com.dstvmobile.app.adrifta.product	524	1.0	0.0	0.0	0.0	0.0	0.0	0.0	0.0	0.0	0.0	0.0	0.0	0.0	9.16696031542E-6	0.0	NULL	NULL	16	11	29
com.dstvmobile.app.adrifta.product	288	13.0	0.0	0.0	0.0	0.0	0.0	0.0	0.0	0.0	0.0	0.0	0.0	10.0	0.00116562597754	3.0236730935E-6	NULL	NULL	16	11	22
com.dstvmobile.app.adrifta.product	392	1.0	0.0	0.0	0.0	0.0	0.0	0.0	0.0	0.0	0.0	0.0	0.0	0.0	6.02793600808E-6	0.0	NULL	NULL	16	11	22
com.dstvmobile.app.adrifta.product	231	1.0	0.0	0.0	0.0	0.0	0.0	0.0	0.0	0.0	0.0	0.0	0.0	1.0	1.40024041122E-4	0.0	NULL	NULL	16	11	22
com.dstvmobile.app.adrifta.product	768	1.0	0.0	0.0	0.0	0.0	0.0	0.0	0.0	0.0	0.0	0.0	0.0	1.0	3.42272586715E-4	0.0	NULL	NULL	16	11	22
com.dstvmobile.app.adrifta.product	404	3.0	0.0	0.0	0.0	0.0	0.0	0.0	0.0	0.0	0.0	0.0	0.0	1.0	2.44327623123E-4	0.0	NULL	NULL	16	11	22
com.dstvmobile.app.adrifta.product	784	1.0	0.0	0.0	0.0	0.0	0.0	0.0	0.0	0.0	0.0	0.0	0.0	1.0	1.10749873477E-5	0.0	NULL	NULL	16	11	22
com.dstvmobile.app.adrifta.product	56	1.0	0.0	0.0	0.0	0.0	0.0	0.0	0.0	0.0	0.0	0.0	0.0	1.0	3.84951056729E-5	0.0	NULL	NULL	16	11	22
com.dstvmobile.app.adrifta.product	710	193.0	3.0	0.0	1.0	0.0	5.0	750.064	2.0	9.0	452936.60191	0.0	1.0	109.0	8.46150764128E-4	2.29846512225E-5	3.74321462767E-5	0.00561530107298	16	11	22
com.dstvmobile.app.adrifta.product	840	2.0	1.0	0.0	0.0	0.0	2.0	1252.757	1.0	4.0	1569400.10105	0.0	0.0	2.0	5.32033946485E-18	1.77344648828E-18	3.54689297657E-18	2.22169750232E-15	16	11	22
com.dstvmobile.app.adrifta.product	566	79.0	2.0	1.0	0.0	0.0	4.0	1460.759	4.0	10.0	2047797.62965	1.0	0.0	52.0	0.00213511034032	8.07415969268E-5	1.61483193854E-4	0.0589720071926	16	11	22
com.dstvmobile.app.adrifta.product	50	1.0	0.0	0.0	0.0	0.0	0.0	0.0	0.0	0.0	0.0	0.0	0.0	1.0	1.7505857152E-6	0.0	NULL	NULL	16	11	22
com.dstvmobile.app.adrifta.product	826	2.0	0.0	0.0	0.0	0.0	0.0	0.0	0.0	0.0	0.0	0.0	0.0	2.0	4.98985506262E-40	0.0	NULL	NULL	16	11	22
com.dstvmobile.app.adrifta.product	524	1.0	0.0	0.0	0.0	0.0	0.0	0.0	0.0	0.0	0.0	0.0	0.0	0.0	9.36444825457E-6	0.0	NULL	NULL	16	11	22
com.dstvmobile.app.adrifta.product	716	1.0	0.0	0.0	0.0	0.0	0.0	0.0	0.0	0.0	0.0	0.0	0.0	0.0	1.88172451455E-4	0.0	NULL	NULL	16	11	22
com.dstvmobile.app.adrifta.product	288	13.0	0.0	0.0	0.0	0.0	0.0	0.0	0.0	0.0	0.0	0.0	0.0	12.0	0.00114514387596	2.57104597207E-6	NULL	NULL	16	11	23
com.dstvmobile.app.adrifta.product	710	207.0	4.0	3.0	1.0	0.0	14.0	12805.009	34.0	58.0	7.6362606431E7	2.0	1.0	109.0	9.6170970679E-4	3.6929724927E-5	1.30836739741E-4	0.119668973566	16	11	23
com.dstvmobile.app.adrifta.product	231	1.0	0.0	0.0	0.0	0.0	0.0	0.0	0.0	0.0	0.0	0.0	0.0	1.0	1.368616673E-4	0.0	NULL	NULL	16	11	23
com.dstvmobile.app.adrifta.product	752	1.0	0.0	0.0	0.0	0.0	0.0	0.0	0.0	0.0	0.0	0.0	0.0	1.0	3.41923644454E-5	0.0	NULL	NULL	16	11	23
com.dstvmobile.app.adrifta.product	826	2.0	0.0	0.0	0.0	0.0	0.0	0.0	0.0	0.0	0.0	0.0	0.0	2.0	3.22280891877E-40	0.0	NULL	NULL	16	11	23
com.dstvmobile.app.adrifta.product	404	1.0	0.0	0.0	0.0	0.0	0.0	0.0	0.0	0.0	0.0	0.0	0.0	0.0	8.19152319436E-5	0.0	NULL	NULL	16	11	23
com.dstvmobile.app.adrifta.product	784	1.0	0.0	0.0	0.0	0.0	0.0	0.0	0.0	0.0	0.0	0.0	0.0	1.0	1.10878377507E-5	0.0	NULL	NULL	16	11	23
com.dstvmobile.app.adrifta.product	430	1.0	0.0	0.0	0.0	0.0	0.0	0.0	0.0	0.0	0.0	0.0	0.0	1.0	0.00252162655063	0.0	NULL	NULL	16	11	23
com.dstvmobile.app.adrifta.product	840	1.0	1.0	0.0	0.0	0.0	1.0	190.01	0.0	1.0	36103.8001	0.0	0.0	1.0	8.23575922562E-35	3.48583297456E-35	3.48583297456E-35	6.62343123497E-33	16	11	23
com.dstvmobile.app.adrifta.product	566	76.0	1.0	0.0	0.0	0.0	5.0	1728.887	16.0	25.0	2989050.25877	0.0	0.0	58.0	0.00200592811087	3.48425470097E-5	1.74212735049E-4	0.060238826572	16	11	23
com.dstvmobile.app.adrifta.product	524	1.0	0.0	0.0	0.0	0.0	0.0	0.0	0.0	0.0	0.0	0.0	0.0	0.0	9.33322503572E-6	0.0	NULL	NULL	16	11	23
com.dstvmobile.app.adrifta.product	716	1.0	0.0	0.0	0.0	0.0	0.0	0.0	0.0	0.0	0.0	0.0	0.0	0.0	2.19986928391E-4	0.0	NULL	NULL	16	11	23
com.dstvmobile.app.adrifta.product	288	11.0	0.0	0.0	0.0	0.0	0.0	0.0	0.0	0.0	0.0	0.0	0.0	8.0	9.74405556073E-4	2.83917702818E-6	NULL	NULL	16	11	24
com.dstvmobile.app.adrifta.product	752	1.0	0.0	0.0	0.0	0.0	0.0	0.0	0.0	0.0	0.0	0.0	0.0	1.0	3.44922378865E-5	0.0	NULL	NULL	16	11	24
com.dstvmobile.app.adrifta.product	404	1.0	0.0	0.0	0.0	0.0	0.0	0.0	0.0	0.0	0.0	0.0	0.0	0.0	8.16986619364E-5	0.0	NULL	NULL	16	11	24
com.dstvmobile.app.adrifta.product	784	2.0	0.0	0.0	0.0	0.0	0.0	0.0	0.0	0.0	0.0	0.0	0.0	2.0	2.21313390246E-5	0.0	NULL	NULL	16	11	24
com.dstvmobile.app.adrifta.product	508	1.0	0.0	0.0	0.0	0.0	0.0	0.0	0.0	0.0	0.0	0.0	0.0	1.0	2.07177966872E-4	0.0	NULL	NULL	16	11	24
com.dstvmobile.app.adrifta.product	430	1.0	0.0	0.0	0.0	0.0	0.0	0.0	0.0	0.0	0.0	0.0	0.0	1.0	0.00266818326331	0.0	NULL	NULL	16	11	24
com.dstvmobile.app.adrifta.product	56	1.0	0.0	0.0	0.0	0.0	0.0	0.0	0.0	0.0	0.0	0.0	0.0	1.0	3.86844395896E-5	0.0	NULL	NULL	16	11	24
com.dstvmobile.app.adrifta.product	710	190.0	1.0	0.0	0.0	0.0	1.0	702.611	0.0	1.0	493662.217321	0.0	0.0	95.0	8.37237086941E-4	8.90207999333E-6	8.90207999333E-6	0.00625469932619	16	11	24
com.dstvmobile.app.adrifta.product	840	1.0	1.0	0.0	0.0	0.0	2.0	2400.077	1.0	4.0	5760369.60593	0.0	0.0	1.0	4.30516432278E-38	1.82218582964E-38	3.64437165928E-38	4.37338629945E-35	16	11	24
com.dstvmobile.app.adrifta.product	480	1.0	0.0	0.0	0.0	0.0	0.0	0.0	0.0	0.0	0.0	0.0	0.0	1.0	2.74508601533E-5	0.0	NULL	NULL	16	11	24
com.dstvmobile.app.adrifta.product	566	74.0	2.0	0.0	1.0	0.0	3.0	146.984	1.0	5.0	15505.096256	0.0	1.0	52.0	0.00197344517273	7.38470028234E-5	1.10770504235E-4	0.0054271639315	16	11	24
com.dstvmobile.app.adrifta.product	826	2.0	0.0	0.0	0.0	0.0	0.0	0.0	0.0	0.0	0.0	0.0	0.0	2.0	1.59007889917E-40	0.0	NULL	NULL	16	11	24
com.dstvmobile.app.adrifta.product	524	1.0	0.0	0.0	0.0	0.0	0.0	0.0	0.0	0.0	0.0	0.0	0.0	0.0	9.34673219388E-6	0.0	NULL	NULL	16	11	24
com.dstvmobile.app.adrifta.product	288	8.0	0.0	0.0	0.0	0.0	0.0	0.0	0.0	0.0	0.0	0.0	0.0	5.0	6.93046626877E-4	2.60543844691E-6	NULL	NULL	16	11	28
com.dstvmobile.app.adrifta.product	231	1.0	0.0	0.0	0.0	0.0	0.0	0.0	0.0	0.0	0.0	0.0	0.0	1.0	1.46120501183E-4	0.0	NULL	NULL	16	11	28
com.dstvmobile.app.adrifta.product	404	1.0	0.0	0.0	0.0	0.0	0.0	0.0	0.0	0.0	0.0	0.0	0.0	0.0	8.06722098627E-5	0.0	NULL	NULL	16	11	28
com.dstvmobile.app.adrifta.product	768	1.0	0.0	0.0	0.0	0.0	0.0	0.0	0.0	0.0	0.0	0.0	0.0	1.0	3.30919653627E-4	0.0	NULL	NULL	16	11	28
com.dstvmobile.app.adrifta.product	710	188.0	2.0	0.0	0.0	0.0	3.0	239.997	1.0	5.0	48798.680009	0.0	0.0	107.0	7.66082170581E-4	1.38167708995E-5	2.07251563493E-5	0.00165799178279	16	11	28
com.dstvmobile.app.adrifta.product	508	1.0	0.0	0.0	0.0	0.0	0.0	0.0	0.0	0.0	0.0	0.0	0.0	1.0	2.05962137808E-4	0.0	NULL	NULL	16	11	28
com.dstvmobile.app.adrifta.product	840	1.0	1.0	0.0	0.0	0.0	2.0	8250.283	1.0	4.0	6.80671695801E7	0.0	0.0	1.0	7.87784256326E-40	3.67632652952E-40	7.35265305904E-40	3.0330734269E-36	16	11	28
com.dstvmobile.app.adrifta.product	826	1.0	0.0	0.0	0.0	0.0	0.0	0.0	0.0	0.0	0.0	0.0	0.0	1.0	1.62733537331E-41	0.0	NULL	NULL	16	11	28
com.dstvmobile.app.adrifta.product	566	60.0	1.0	0.0	0.0	0.0	1.0	112.064	0.0	1.0	12558.340096	0.0	0.0	43.0	0.00154566315444	3.53498181706E-5	3.53498181706E-5	0.00396144202347	16	11	28
com.dstvmobile.app.adrifta.product	524	1.0	0.0	0.0	0.0	0.0	0.0	0.0	0.0	0.0	0.0	0.0	0.0	0.0	9.2125867339E-6	0.0	NULL	NULL	16	11	28
com.dstvmobile.app.adrifta.product	231	1.0	0.0	0.0	0.0	0.0	0.0	0.0	0.0	0.0	0.0	0.0	0.0	1.0	1.44099864179E-4	0.0	NULL	NULL	16	11	21
com.dstvmobile.app.adrifta.product	288	11.0	0.0	0.0	0.0	0.0	0.0	0.0	0.0	0.0	0.0	0.0	0.0	8.0	9.80801800538E-4	3.00582838044E-6	NULL	NULL	16	11	21
com.dstvmobile.app.adrifta.product	752	1.0	0.0	0.0	0.0	0.0	0.0	0.0	0.0	0.0	0.0	0.0	0.0	1.0	3.47139822488E-5	0.0	NULL	NULL	16	11	21
com.dstvmobile.app.adrifta.product	404	1.0	0.0	0.0	0.0	0.0	0.0	0.0	0.0	0.0	0.0	0.0	0.0	0.0	8.24559992456E-5	0.0	NULL	NULL	16	11	21
com.dstvmobile.app.adrifta.product	784	1.0	0.0	0.0	0.0	0.0	0.0	0.0	0.0	0.0	0.0	0.0	0.0	1.0	1.1049476555E-5	0.0	NULL	NULL	16	11	21
com.dstvmobile.app.adrifta.product	710	201.0	2.0	4.0	1.0	0.0	3.0	300.942	1.0	5.0	79328.407364	3.0	1.0	109.0	8.79695431696E-4	1.60767115061E-5	2.41150672591E-5	0.00241907885703	16	11	21
com.dstvmobile.app.adrifta.product	56	1.0	0.0	0.0	0.0	0.0	0.0	0.0	0.0	0.0	0.0	0.0	0.0	1.0	3.85213770332E-5	0.0	NULL	NULL	16	11	21
com.dstvmobile.app.adrifta.product	430	1.0	0.0	0.0	0.0	0.0	0.0	0.0	0.0	0.0	0.0	0.0	0.0	1.0	0.00247943513101	0.0	NULL	NULL	16	11	21
com.dstvmobile.app.adrifta.product	840	1.0	1.0	0.0	0.0	0.0	1.0	130.005	0.0	1.0	16901.300025	0.0	0.0	1.0	1.54261752736E-40	5.88999419537E-41	5.88999419537E-41	7.65728695369E-39	16	11	21
com.dstvmobile.app.adrifta.product	826	1.0	0.0	0.0	0.0	0.0	0.0	0.0	0.0	0.0	0.0	0.0	0.0	1.0	1.43540567866E-36	0.0	NULL	NULL	16	11	21
com.dstvmobile.app.adrifta.product	508	1.0	0.0	0.0	0.0	0.0	0.0	0.0	0.0	0.0	0.0	0.0	0.0	1.0	2.03251569532E-4	0.0	NULL	NULL	16	11	21
com.dstvmobile.app.adrifta.product	566	74.0	2.0	1.0	0.0	0.0	3.0	1729.15	1.0	5.0	2046406.27536	1.0	0.0	52.0	0.00196684465265	7.34213449234E-5	1.10132017385E-4	0.0634782592871	16	11	21
com.dstvmobile.app.adrifta.product	768	1.0	0.0	0.0	0.0	0.0	0.0	0.0	0.0	0.0	0.0	0.0	0.0	1.0	3.32753864739E-4	0.0	NULL	NULL	16	11	21
com.dstvmobile.app.adrifta.product	480	1.0	0.0	0.0	0.0	0.0	0.0	0.0	0.0	0.0	0.0	0.0	0.0	0.0	2.70363290621E-5	0.0	NULL	NULL	16	11	21
com.dstvmobile.app.adrifta.product	50	1.0	0.0	0.0	0.0	0.0	0.0	0.0	0.0	0.0	0.0	0.0	0.0	1.0	1.74539728668E-6	0.0	NULL	NULL	16	11	21
com.dstvmobile.app.adrifta.product	524	1.0	0.0	0.0	0.0	0.0	0.0	0.0	0.0	0.0	0.0	0.0	0.0	0.0	9.26836888673E-6	0.0	NULL	NULL	16	11	21
com.dstvmobile.app.adrifta.product	288	8.0	0.0	0.0	0.0	0.0	0.0	0.0	0.0	0.0	0.0	0.0	0.0	7.0	7.03497707765E-4	2.21225694266E-6	NULL	NULL	16	11	27
com.dstvmobile.app.adrifta.product	710	181.0	2.0	3.0	2.0	0.0	2.0	631.771	0.0	2.0	272582.405881	3.0	2.0	103.0	7.64233471145E-4	1.49767985325E-5	1.49767985325E-5	0.00473095349283	16	11	27
com.dstvmobile.app.adrifta.product	404	2.0	0.0	0.0	0.0	0.0	0.0	0.0	0.0	0.0	0.0	0.0	0.0	0.0	1.69393928171E-4	0.0	NULL	NULL	16	11	27
com.dstvmobile.app.adrifta.product	784	1.0	0.0	0.0	0.0	0.0	0.0	0.0	0.0	0.0	0.0	0.0	0.0	1.0	1.13035961815E-5	0.0	NULL	NULL	16	11	27
com.dstvmobile.app.adrifta.product	56	1.0	0.0	0.0	0.0	0.0	0.0	0.0	0.0	0.0	0.0	0.0	0.0	1.0	3.86038291903E-5	0.0	NULL	NULL	16	11	27
com.dstvmobile.app.adrifta.product	840	1.0	0.0	0.0	0.0	0.0	0.0	0.0	0.0	0.0	0.0	0.0	0.0	1.0	2.5736651341E-40	6.98281237933E-41	NULL	NULL	16	11	27
com.dstvmobile.app.adrifta.product	752	1.0	0.0	0.0	0.0	0.0	0.0	0.0	0.0	0.0	0.0	0.0	0.0	1.0	3.57648321909E-5	0.0	NULL	NULL	16	11	27
com.dstvmobile.app.adrifta.product	768	1.0	0.0	0.0	0.0	0.0	0.0	0.0	0.0	0.0	0.0	0.0	0.0	1.0	3.13310235672E-4	0.0	NULL	NULL	16	11	27
com.dstvmobile.app.adrifta.product	566	61.0	2.0	0.0	0.0	0.0	3.0	2697.237	1.0	5.0	3637813.55677	0.0	0.0	45.0	0.00165371687854	7.16973925941E-5	1.07546088891E-4	0.0966924300542	16	11	27
com.dstvmobile.app.adrifta.product	524	1.0	0.0	0.0	0.0	0.0	0.0	0.0	0.0	0.0	0.0	0.0	0.0	0.0	9.17047471691E-6	0.0	NULL	NULL	16	11	27
com.dstvmobile.app.adrifta.product	404	1.0	0.0	0.0	0.0	0.0	0.0	0.0	0.0	0.0	0.0	0.0	0.0	0.0	1.33152199705E-4	0.0	NULL	NULL	16	10	18
com.dstvmobile.app.adrifta.product	784	1.0	0.0	0.0	0.0	0.0	0.0	0.0	0.0	0.0	0.0	0.0	0.0	1.0	1.3574413313E-5	0.0	NULL	NULL	16	10	18
com.dstvmobile.app.adrifta.product	840	1.0	0.0	0.0	0.0	0.0	0.0	0.0	0.0	0.0	0.0	0.0	0.0	1.0	6.58050441366E-38	1.14776239773E-38	NULL	NULL	16	10	18
com.dstvmobile.app.adrifta.product	288	8.0	0.0	0.0	0.0	0.0	0.0	0.0	0.0	0.0	0.0	0.0	0.0	7.0	9.25545483677E-4	0.0	NULL	NULL	16	10	18
com.dstvmobile.app.adrifta.product	508	1.0	0.0	0.0	0.0	0.0	0.0	0.0	0.0	0.0	0.0	0.0	0.0	1.0	2.24947181355E-4	0.0	NULL	NULL	16	10	18
com.dstvmobile.app.adrifta.product	231	1.0	0.0	0.0	0.0	0.0	0.0	0.0	0.0	0.0	0.0	0.0	0.0	1.0	1.52052860719E-4	0.0	NULL	NULL	16	10	18
com.dstvmobile.app.adrifta.product	528	2.0	0.0	0.0	0.0	0.0	0.0	0.0	0.0	0.0	0.0	0.0	0.0	2.0	4.6015866606E-5	0.0	NULL	NULL	16	10	18
com.dstvmobile.app.adrifta.product	710	188.0	1.0	0.0	1.0	0.0	1.0	210.788	0.0	1.0	44431.580944	0.0	1.0	92.0	8.71312986103E-4	9.7031266882E-6	9.7031266882E-6	0.00204530266835	16	10	18
com.dstvmobile.app.adrifta.product	566	48.0	1.0	0.0	0.0	0.0	1.0	855.546	0.0	1.0	731958.958116	0.0	0.0	31.0	0.00256765104232	8.19979535233E-5	8.19979535233E-5	0.070153021145	16	10	18
com.dstvmobile.app.adrifta.product	826	1.0	0.0	0.0	0.0	0.0	0.0	0.0	0.0	0.0	0.0	0.0	0.0	0.0	7.86393315938E-6	3.7447300759E-7	NULL	NULL	16	10	18
com.dstvmobile.app.adrifta.product	404	2.0	0.0	0.0	0.0	0.0	0.0	0.0	0.0	0.0	0.0	0.0	0.0	0.0	2.67705066134E-4	0.0	NULL	NULL	16	10	19
com.dstvmobile.app.adrifta.product	784	1.0	0.0	0.0	0.0	0.0	0.0	0.0	0.0	0.0	0.0	0.0	0.0	1.0	1.35590080643E-5	0.0	NULL	NULL	16	10	19
com.dstvmobile.app.adrifta.product	288	10.0	0.0	0.0	0.0	0.0	0.0	0.0	0.0	0.0	0.0	0.0	0.0	8.0	0.00116541641959	0.0	NULL	NULL	16	10	19
com.dstvmobile.app.adrifta.product	840	1.0	1.0	0.0	0.0	0.0	2.0	2820.1	1.0	4.0	7952964.01	0.0	0.0	1.0	5.60075301118E-38	2.08027968987E-38	4.16055937973E-38	5.86659675339E-35	16	10	19
com.dstvmobile.app.adrifta.product	231	1.0	0.0	0.0	0.0	0.0	0.0	0.0	0.0	0.0	0.0	0.0	0.0	1.0	1.49607754556E-4	0.0	NULL	NULL	16	10	19
com.dstvmobile.app.adrifta.product	826	2.0	0.0	0.0	0.0	0.0	0.0	0.0	0.0	0.0	0.0	0.0	0.0	2.0	1.02678470762E-5	3.33371658318E-7	NULL	NULL	16	10	19
com.dstvmobile.app.adrifta.product	528	1.0	0.0	0.0	0.0	0.0	0.0	0.0	0.0	0.0	0.0	0.0	0.0	1.0	2.31268073235E-5	0.0	NULL	NULL	16	10	19
com.dstvmobile.app.adrifta.product	710	179.0	0.0	1.0	2.0	0.0	0.0	0.0	0.0	0.0	0.0	1.0	2.0	102.0	8.18704270037E-4	4.80750317757E-7	NULL	NULL	16	10	19
com.dstvmobile.app.adrifta.product	508	1.0	0.0	0.0	0.0	0.0	0.0	0.0	0.0	0.0	0.0	0.0	0.0	0.0	2.25915263309E-4	0.0	NULL	NULL	16	10	20
com.dstvmobile.app.adrifta.product	404	2.0	0.0	0.0	0.0	0.0	0.0	0.0	0.0	0.0	0.0	0.0	0.0	0.0	2.75197207517E-4	0.0	NULL	NULL	16	10	20
com.dstvmobile.app.adrifta.product	784	1.0	0.0	0.0	0.0	0.0	0.0	0.0	0.0	0.0	0.0	0.0	0.0	1.0	1.34828447864E-5	0.0	NULL	NULL	16	10	20
com.dstvmobile.app.adrifta.product	840	1.0	1.0	0.0	0.0	0.0	1.0	1610.063	0.0	1.0	2592302.86397	0.0	0.0	1.0	5.72311664527E-38	2.14965844725E-38	2.14965844725E-38	3.46108552855E-35	16	10	20
com.dstvmobile.app.adrifta.product	250	1.0	0.0	0.0	0.0	0.0	0.0	0.0	0.0	0.0	0.0	0.0	0.0	1.0	8.1393037888E-6	0.0	NULL	NULL	16	10	20
com.dstvmobile.app.adrifta.product	288	11.0	0.0	1.0	0.0	0.0	0.0	0.0	0.0	0.0	0.0	1.0	0.0	7.0	0.00128901518334	0.0	NULL	NULL	16	10	20
com.dstvmobile.app.adrifta.product	231	1.0	0.0	0.0	0.0	0.0	0.0	0.0	0.0	0.0	0.0	0.0	0.0	1.0	1.51978014062E-4	0.0	NULL	NULL	16	10	20
com.dstvmobile.app.adrifta.product	528	1.0	0.0	0.0	0.0	0.0	0.0	0.0	0.0	0.0	0.0	0.0	0.0	1.0	2.3381233273E-5	0.0	NULL	NULL	16	10	20
com.dstvmobile.app.adrifta.product	826	1.0	0.0	0.0	0.0	0.0	0.0	0.0	0.0	0.0	0.0	0.0	0.0	1.0	7.07146461461E-6	2.67858508129E-7	NULL	NULL	16	10	20
com.dstvmobile.app.adrifta.product	710	173.0	1.0	0.0	0.0	0.0	6.0	399.809	25.0	36.0	159847.236481	0.0	0.0	94.0	7.28440284336E-4	7.73824395194E-6	4.64294637116E-5	0.00309381957618	16	10	20
com.dstvmobile.app.adrifta.product	566	44.0	0.0	0.0	0.0	0.0	0.0	0.0	0.0	0.0	0.0	0.0	0.0	29.0	0.0024033956031	1.03133277643E-5	NULL	NULL	16	10	20
com.dstvmobile.app.adrifta.product	404	2.0	0.0	0.0	1.0	0.0	0.0	0.0	0.0	0.0	0.0	0.0	1.0	0.0	2.73597619651E-4	0.0	NULL	NULL	16	10	21
com.dstvmobile.app.adrifta.product	840	1.0	1.0	0.0	0.0	0.0	3.0	3400.146	4.0	9.0	1.15609928213E7	0.0	0.0	1.0	4.73013748081E-38	1.86898115096E-38	5.60694345287E-38	6.3548087845E-35	16	10	21
com.dstvmobile.app.adrifta.product	768	1.0	0.0	0.0	0.0	0.0	0.0	0.0	0.0	0.0	0.0	0.0	0.0	1.0	3.85642257773E-4	0.0	NULL	NULL	16	10	21
com.dstvmobile.app.adrifta.product	250	1.0	0.0	0.0	0.0	0.0	0.0	0.0	0.0	0.0	0.0	0.0	0.0	1.0	8.26175542321E-6	0.0	NULL	NULL	16	10	21
com.dstvmobile.app.adrifta.product	288	9.0	0.0	0.0	0.0	0.0	0.0	0.0	0.0	0.0	0.0	0.0	0.0	5.0	0.00105168932073	0.0	NULL	NULL	16	10	21
com.dstvmobile.app.adrifta.product	528	2.0	0.0	0.0	0.0	0.0	0.0	0.0	0.0	0.0	0.0	0.0	0.0	2.0	4.71553433405E-5	0.0	NULL	NULL	16	10	21
com.dstvmobile.app.adrifta.product	156	1.0	0.0	0.0	0.0	0.0	0.0	0.0	0.0	0.0	0.0	0.0	0.0	1.0	7.24948663015E-7	0.0	NULL	NULL	16	10	21
com.dstvmobile.app.adrifta.product	231	1.0	0.0	0.0	0.0	0.0	0.0	0.0	0.0	0.0	0.0	0.0	0.0	1.0	1.53196112638E-4	0.0	NULL	NULL	16	10	21
com.dstvmobile.app.adrifta.product	710	166.0	1.0	0.0	0.0	0.0	3.0	3133.203	4.0	9.0	9816961.03921	0.0	0.0	87.0	7.20373620275E-4	8.39794124871E-6	2.51938237461E-5	0.0263124547143	16	10	21
com.dstvmobile.app.adrifta.product	826	1.0	0.0	0.0	0.0	0.0	0.0	0.0	0.0	0.0	0.0	0.0	0.0	1.0	6.71733524013E-6	2.43381711599E-7	NULL	NULL	16	10	21
com.dstvmobile.app.adrifta.product	566	42.0	0.0	1.0	1.0	0.0	0.0	0.0	0.0	0.0	0.0	1.0	1.0	26.0	0.00238491575986	1.09210551739E-5	NULL	NULL	16	10	21
com.dstvmobile.app.adrifta.product	404	1.0	0.0	0.0	0.0	0.0	0.0	0.0	0.0	0.0	0.0	0.0	0.0	0.0	1.40045298722E-4	0.0	NULL	NULL	16	10	22
com.dstvmobile.app.adrifta.product	784	1.0	0.0	0.0	0.0	0.0	0.0	0.0	0.0	0.0	0.0	0.0	0.0	1.0	1.35346091277E-5	0.0	NULL	NULL	16	10	22
com.dstvmobile.app.adrifta.product	840	1.0	0.0	0.0	0.0	0.0	0.0	0.0	0.0	0.0	0.0	0.0	0.0	1.0	4.66327773597E-38	9.71516194994E-39	NULL	NULL	16	10	22
com.dstvmobile.app.adrifta.product	710	152.0	3.0	0.0	2.0	0.0	12.0	11451.175	35.0	56.0	5.75793320232E7	0.0	1.0	84.0	6.37208955757E-4	2.26992587239E-5	9.07970348955E-5	0.0866443946724	16	10	22
com.dstvmobile.app.adrifta.product	288	12.0	0.0	0.0	1.0	0.0	0.0	0.0	0.0	0.0	0.0	0.0	1.0	11.0	0.00139337146211	0.0	NULL	NULL	16	10	22
com.dstvmobile.app.adrifta.product	528	1.0	0.0	0.0	0.0	0.0	0.0	0.0	0.0	0.0	0.0	0.0	0.0	1.0	2.45723855961E-5	0.0	NULL	NULL	16	10	22
com.dstvmobile.app.adrifta.product	156	1.0	0.0	0.0	0.0	0.0	0.0	0.0	0.0	0.0	0.0	0.0	0.0	0.0	7.17372175814E-7	0.0	NULL	NULL	16	10	22
com.dstvmobile.app.adrifta.product	826	1.0	0.0	0.0	0.0	0.0	0.0	0.0	0.0	0.0	0.0	0.0	0.0	1.0	4.58809758208E-7	1.66235419641E-8	NULL	NULL	16	10	22
com.dstvmobile.app.adrifta.product	231	1.0	0.0	0.0	0.0	0.0	0.0	0.0	0.0	0.0	0.0	0.0	0.0	1.0	1.73055649241E-4	0.0	NULL	NULL	16	10	22
com.dstvmobile.app.adrifta.product	566	42.0	0.0	0.0	0.0	0.0	0.0	0.0	0.0	0.0	0.0	0.0	0.0	29.0	0.00233785197104	9.26248799935E-6	NULL	NULL	16	10	22
com.dstvmobile.app.adrifta.product	404	2.0	0.0	0.0	0.0	0.0	0.0	0.0	0.0	0.0	0.0	0.0	0.0	0.0	2.8340206287E-4	0.0	NULL	NULL	16	10	23
com.dstvmobile.app.adrifta.product	840	2.0	1.0	0.0	0.0	0.0	2.0	8390.32	1.0	4.0	7.03974697024E7	0.0	0.0	2.0	1.56232223036E-6	5.14423173411E-7	1.02884634682E-6	0.00431617504034	16	10	23
com.dstvmobile.app.adrifta.product	288	9.0	0.0	0.0	0.0	0.0	0.0	0.0	0.0	0.0	0.0	0.0	0.0	7.0	0.00105141444155	0.0	NULL	NULL	16	10	23
com.dstvmobile.app.adrifta.product	710	160.0	4.0	0.0	0.0	0.0	16.0	12466.16	56.0	84.0	6.64630979481E7	0.0	0.0	94.0	6.89893486406E-4	3.00950900813E-5	1.20380360325E-4	0.093792552042	16	10	23
com.dstvmobile.app.adrifta.product	528	1.0	0.0	0.0	0.0	0.0	0.0	0.0	0.0	0.0	0.0	0.0	0.0	1.0	2.50505732515E-5	0.0	NULL	NULL	16	10	23
com.dstvmobile.app.adrifta.product	231	1.0	0.0	0.0	0.0	0.0	0.0	0.0	0.0	0.0	0.0	0.0	0.0	1.0	1.96126028059E-4	0.0	NULL	NULL	16	10	23
com.dstvmobile.app.adrifta.product	826	1.0	0.0	0.0	0.0	0.0	0.0	0.0	0.0	0.0	0.0	0.0	0.0	0.0	6.47058479401E-6	2.6960769975E-7	NULL	NULL	16	10	23
com.dstvmobile.app.adrifta.product	566	41.0	3.0	2.0	0.0	0.0	10.0	3677.173	37.0	54.0	1.13934681403E7	1.0	0.0	28.0	0.00231579440271	2.32784641421E-4	7.75948804737E-4	0.285329799416	16	10	23
com.dstvmobile.app.adrifta.product	840	2.0	0.0	0.0	0.0	0.0	0.0	0.0	0.0	0.0	0.0	0.0	0.0	2.0	1.68240956214E-6	2.86124075193E-7	NULL	NULL	16	10	24
com.dstvmobile.app.adrifta.product	404	2.0	0.0	0.0	0.0	0.0	0.0	0.0	0.0	0.0	0.0	0.0	0.0	0.0	2.7728387914E-4	0.0	NULL	NULL	16	10	24
com.dstvmobile.app.adrifta.product	784	1.0	0.0	0.0	0.0	0.0	0.0	0.0	0.0	0.0	0.0	0.0	0.0	0.0	1.40358408429E-5	0.0	NULL	NULL	16	10	24
com.dstvmobile.app.adrifta.product	288	7.0	0.0	0.0	0.0	0.0	0.0	0.0	0.0	0.0	0.0	0.0	0.0	6.0	8.11343042394E-4	0.0	NULL	NULL	16	10	24
com.dstvmobile.app.adrifta.product	710	164.0	0.0	0.0	1.0	0.0	0.0	0.0	0.0	0.0	0.0	0.0	1.0	103.0	7.17900107742E-4	4.02982127221E-7	NULL	NULL	16	10	24
com.dstvmobile.app.adrifta.product	566	37.0	2.0	0.0	0.0	0.0	4.0	1250.059	4.0	10.0	1513445.14348	0.0	0.0	26.0	0.00206744024656	1.46186283229E-4	2.92372566457E-4	0.0913707395133	16	10	24
com.dstvmobile.app.adrifta.product	528	1.0	0.0	0.0	0.0	0.0	0.0	0.0	0.0	0.0	0.0	0.0	0.0	1.0	2.40511011648E-5	0.0	NULL	NULL	16	10	24
com.dstvmobile.app.adrifta.product	276	1.0	0.0	0.0	0.0	0.0	0.0	0.0	0.0	0.0	0.0	0.0	0.0	1.0	3.67080702292E-6	0.0	NULL	NULL	16	10	24
com.dstvmobile.app.adrifta.product	404	2.0	0.0	0.0	0.0	0.0	0.0	0.0	0.0	0.0	0.0	0.0	0.0	0.0	2.71190747346E-4	0.0	NULL	NULL	16	10	25
com.dstvmobile.app.adrifta.product	784	1.0	0.0	0.0	0.0	0.0	0.0	0.0	0.0	0.0	0.0	0.0	0.0	1.0	1.39367004658E-5	0.0	NULL	NULL	16	10	25
com.dstvmobile.app.adrifta.product	288	8.0	0.0	0.0	0.0	0.0	0.0	0.0	0.0	0.0	0.0	0.0	0.0	7.0	9.2735744801E-4	0.0	NULL	NULL	16	10	25
com.dstvmobile.app.adrifta.product	528	1.0	0.0	0.0	0.0	0.0	0.0	0.0	0.0	0.0	0.0	0.0	0.0	1.0	2.30349578645E-5	0.0	NULL	NULL	16	10	25
com.dstvmobile.app.adrifta.product	826	2.0	0.0	0.0	0.0	0.0	0.0	0.0	0.0	0.0	0.0	0.0	0.0	2.0	5.95500740108E-6	1.77232363127E-7	NULL	NULL	16	10	25
com.dstvmobile.app.adrifta.product	710	170.0	2.0	1.0	2.0	0.0	4.0	750.034	4.0	10.0	533349.641156	1.0	2.0	93.0	7.65347381501E-4	1.58671114148E-5	3.17342228296E-5	0.00595043652144	16	10	25
com.dstvmobile.app.adrifta.product	840	2.0	0.0	0.0	0.0	0.0	0.0	0.0	0.0	0.0	0.0	0.0	0.0	2.0	7.17316145221E-38	1.21992541704E-38	NULL	NULL	16	10	25
com.dstvmobile.app.adrifta.product	231	1.0	0.0	0.0	0.0	0.0	0.0	0.0	0.0	0.0	0.0	0.0	0.0	1.0	1.59097634173E-4	0.0	NULL	NULL	16	10	25
com.dstvmobile.app.adrifta.product	566	42.0	0.0	0.0	0.0	0.0	0.0	0.0	0.0	0.0	0.0	0.0	0.0	30.0	0.0023914682386	9.31491810202E-6	NULL	NULL	16	10	25
com.dstvmobile.app.adrifta.product	404	2.0	0.0	0.0	0.0	0.0	0.0	0.0	0.0	0.0	0.0	0.0	0.0	0.0	2.69492661439E-4	0.0	NULL	NULL	16	10	26
com.dstvmobile.app.adrifta.product	784	1.0	0.0	0.0	0.0	0.0	0.0	0.0	0.0	0.0	0.0	0.0	0.0	1.0	1.38377617645E-5	0.0	NULL	NULL	16	10	26
com.dstvmobile.app.adrifta.product	288	9.0	0.0	0.0	0.0	0.0	0.0	0.0	0.0	0.0	0.0	0.0	0.0	7.0	0.00103755583675	0.0	NULL	NULL	16	10	26
com.dstvmobile.app.adrifta.product	840	1.0	1.0	0.0	0.0	0.0	1.0	5120.206	0.0	1.0	2.62165094824E7	0.0	0.0	1.0	3.53708166218E-38	1.38114617285E-38	1.38114617285E-38	7.0717529211E-35	16	10	26
com.dstvmobile.app.adrifta.product	710	168.0	2.0	1.0	0.0	0.0	2.0	140.018	0.0	2.0	10002.760234	1.0	0.0	100.0	7.50611777128E-4	1.50157945572E-5	1.50157945572E-5	0.00105124076116	16	10	26
com.dstvmobile.app.adrifta.product	566	43.0	2.0	1.0	0.0	0.0	7.0	3641.728	25.0	37.0	1.24140089811E7	1.0	0.0	27.0	0.00236659739455	1.61878560329E-4	5.6657496115E-4	0.294758842874	16	10	26
com.dstvmobile.app.adrifta.product	528	2.0	0.0	0.0	0.0	0.0	0.0	0.0	0.0	0.0	0.0	0.0	0.0	2.0	4.53237423519E-5	0.0	NULL	NULL	16	10	26
com.dstvmobile.app.adrifta.product	826	1.0	0.0	0.0	0.0	0.0	0.0	0.0	0.0	0.0	0.0	0.0	0.0	1.0	6.27252510468E-6	2.09084170156E-7	NULL	NULL	16	10	26
com.dstvmobile.app.adrifta.product	288	7.0	0.0	0.0	0.0	0.0	0.0	0.0	0.0	0.0	0.0	0.0	0.0	4.0	8.20361183446E-4	0.0	NULL	NULL	16	10	27
com.dstvmobile.app.adrifta.product	404	2.0	0.0	0.0	0.0	0.0	0.0	0.0	0.0	0.0	0.0	0.0	0.0	0.0	2.68787463218E-4	0.0	NULL	NULL	16	10	27
com.dstvmobile.app.adrifta.product	784	1.0	0.0	0.0	0.0	0.0	0.0	0.0	0.0	0.0	0.0	0.0	0.0	0.0	1.36870265191E-5	0.0	NULL	NULL	16	10	27
com.dstvmobile.app.adrifta.product	840	1.0	0.0	0.0	0.0	0.0	0.0	0.0	0.0	0.0	0.0	0.0	0.0	1.0	3.03648977369E-38	5.4223031673E-39	NULL	NULL	16	10	27
com.dstvmobile.app.adrifta.product	710	167.0	1.0	0.0	0.0	0.0	2.0	9168.563	1.0	4.0	8.4062547485E7	0.0	0.0	98.0	7.42874708436E-4	7.55960423109E-6	1.51192084622E-5	0.0693107076478	16	10	27
com.dstvmobile.app.adrifta.product	528	1.0	0.0	0.0	0.0	0.0	0.0	0.0	0.0	0.0	0.0	0.0	0.0	1.0	2.32357578814E-5	0.0	NULL	NULL	16	10	27
com.dstvmobile.app.adrifta.product	566	41.0	0.0	0.0	0.0	0.0	0.0	0.0	0.0	0.0	0.0	0.0	0.0	33.0	0.00228323388227	8.43891884339E-6	NULL	NULL	16	10	27
com.dstvmobile.app.adrifta.product	826	1.0	0.0	0.0	0.0	0.0	0.0	0.0	0.0	0.0	0.0	0.0	0.0	1.0	3.48012482764E-7	1.11542462424E-8	NULL	NULL	16	10	27
com.dstvmobile.app.adrifta.product	231	1.0	0.0	0.0	0.0	0.0	0.0	0.0	0.0	0.0	0.0	0.0	0.0	1.0	1.53786197356E-4	0.0	NULL	NULL	16	10	27
com.dstvmobile.app.adrifta.product	392	1.0	0.0	0.0	0.0	0.0	0.0	0.0	0.0	0.0	0.0	0.0	0.0	1.0	6.75710829251E-6	0.0	NULL	NULL	16	10	28
com.dstvmobile.app.adrifta.product	404	2.0	0.0	0.0	0.0	0.0	0.0	0.0	0.0	0.0	0.0	0.0	0.0	1.0	2.60414504665E-4	0.0	NULL	NULL	16	10	28
com.dstvmobile.app.adrifta.product	784	1.0	0.0	0.0	0.0	0.0	0.0	0.0	0.0	0.0	0.0	0.0	0.0	1.0	1.32530841695E-5	0.0	NULL	NULL	16	10	28
com.dstvmobile.app.adrifta.product	288	7.0	0.0	0.0	0.0	0.0	0.0	0.0	0.0	0.0	0.0	0.0	0.0	5.0	8.17077824855E-4	0.0	NULL	NULL	16	10	28
com.dstvmobile.app.adrifta.product	840	2.0	0.0	0.0	0.0	0.0	0.0	0.0	0.0	0.0	0.0	0.0	0.0	2.0	2.69610774677E-6	3.93911846119E-7	NULL	NULL	16	10	28
com.dstvmobile.app.adrifta.product	566	37.0	0.0	0.0	0.0	0.0	0.0	0.0	0.0	0.0	0.0	0.0	0.0	23.0	0.00203857696555	9.67233722439E-6	NULL	NULL	16	10	28
com.dstvmobile.app.adrifta.product	826	1.0	0.0	0.0	0.0	0.0	0.0	0.0	0.0	0.0	0.0	0.0	0.0	1.0	4.52726467413E-6	1.39730391177E-7	NULL	NULL	16	10	28
com.dstvmobile.app.adrifta.product	710	167.0	1.0	0.0	0.0	0.0	2.0	144.417	1.0	4.0	20856.269889	0.0	0.0	90.0	7.16965099857E-4	7.90976923446E-6	1.58195384689E-5	0.00114230514353	16	10	28
com.dstvmobile.app.adrifta.product	231	1.0	0.0	0.0	0.0	0.0	0.0	0.0	0.0	0.0	0.0	0.0	0.0	1.0	1.56257218305E-4	0.0	NULL	NULL	16	10	28
com.dstvmobile.app.adrifta.product	404	2.0	0.0	0.0	0.0	0.0	0.0	0.0	0.0	0.0	0.0	0.0	0.0	0.0	2.64389077359E-4	0.0	NULL	NULL	16	10	29
com.dstvmobile.app.adrifta.product	784	1.0	0.0	0.0	0.0	0.0	0.0	0.0	0.0	0.0	0.0	0.0	0.0	1.0	1.3484621663E-5	0.0	NULL	NULL	16	10	29
com.dstvmobile.app.adrifta.product	840	2.0	0.0	0.0	0.0	0.0	0.0	0.0	0.0	0.0	0.0	0.0	0.0	2.0	2.04165422629E-6	2.59257679529E-7	NULL	NULL	16	10	29
com.dstvmobile.app.adrifta.product	710	173.0	4.0	0.0	0.0	0.0	7.0	3445.999	5.0	15.0	5932508.42541	0.0	0.0	95.0	7.88144200724E-4	3.27261427264E-5	5.78161854833E-5	0.0284620739085	16	10	29
com.dstvmobile.app.adrifta.product	288	10.0	0.0	0.0	0.0	0.0	0.0	0.0	0.0	0.0	0.0	0.0	0.0	7.0	0.00116398121063	0.0	NULL	NULL	16	10	29
com.dstvmobile.app.adrifta.product	826	2.0	0.0	0.0	0.0	0.0	0.0	0.0	0.0	0.0	0.0	0.0	0.0	2.0	9.56846385483E-13	2.44093465684E-14	NULL	NULL	16	10	29
com.dstvmobile.app.adrifta.product	566	39.0	2.0	0.0	0.0	0.0	6.0	6691.603	10.0	20.0	3.47537768285E7	0.0	0.0	24.0	0.00217577429767	1.64727584005E-4	4.94182752014E-4	0.551145797654	16	10	29
com.dstvmobile.app.adrifta.product	404	2.0	0.0	0.0	0.0	0.0	0.0	0.0	0.0	0.0	0.0	0.0	0.0	0.0	2.66005270151E-4	0.0	NULL	NULL	16	10	30
com.dstvmobile.app.adrifta.product	784	1.0	0.0	0.0	0.0	0.0	0.0	0.0	0.0	0.0	0.0	0.0	0.0	1.0	1.3788770882E-5	0.0	NULL	NULL	16	10	30
com.dstvmobile.app.adrifta.product	840	2.0	1.0	0.0	0.0	0.0	2.0	13380.429	1.0	4.0	1.79035880224E8	0.0	0.0	2.0	2.35889813701E-6	6.66645125676E-7	1.33329025135E-6	0.00891999777231	16	10	30
com.dstvmobile.app.adrifta.product	288	7.0	0.0	0.0	0.0	0.0	0.0	0.0	0.0	0.0	0.0	0.0	0.0	6.0	8.2301433907E-4	0.0	NULL	NULL	16	10	30
com.dstvmobile.app.adrifta.product	710	154.0	2.0	0.0	0.0	0.0	4.0	3439.985	2.0	8.0	6613154.91542	0.0	0.0	81.0	6.45130796534E-4	1.52048252593E-5	3.04096505185E-5	0.0261521854097	16	10	30
com.dstvmobile.app.adrifta.product	566	42.0	1.0	0.0	0.0	0.0	7.0	5660.337	36.0	49.0	3.20394149536E7	0.0	0.0	28.0	0.00238766374758	8.22136688284E-5	5.75495681799E-4	0.465357071575	16	10	30
com.dstvmobile.app.adrifta.product	826	1.0	0.0	0.0	0.0	0.0	0.0	0.0	0.0	0.0	0.0	0.0	0.0	1.0	1.28814915317E-20	3.83377724157E-22	NULL	NULL	16	10	30
com.dstvmobile.app.adrifta.product	840	2.0	0.0	0.0	0.0	0.0	0.0	0.0	0.0	0.0	0.0	0.0	0.0	2.0	2.41296186984E-6	2.5669807126E-7	NULL	NULL	16	10	31
com.dstvmobile.app.adrifta.product	288	11.0	0.0	0.0	1.0	0.0	0.0	0.0	0.0	0.0	0.0	0.0	1.0	9.0	0.00131934954355	0.0	NULL	NULL	16	10	31
com.dstvmobile.app.adrifta.product	404	1.0	0.0	0.0	0.0	0.0	0.0	0.0	0.0	0.0	0.0	0.0	0.0	0.0	1.28071885576E-4	0.0	NULL	NULL	16	10	31
com.dstvmobile.app.adrifta.product	784	1.0	0.0	0.0	0.0	0.0	0.0	0.0	0.0	0.0	0.0	0.0	0.0	1.0	1.37186374239E-5	0.0	NULL	NULL	16	10	31
com.dstvmobile.app.adrifta.product	528	1.0	0.0	0.0	0.0	0.0	0.0	0.0	0.0	0.0	0.0	0.0	0.0	1.0	2.37914838091E-5	0.0	NULL	NULL	16	10	31
com.dstvmobile.app.adrifta.product	710	170.0	3.0	2.0	0.0	0.0	9.0	3538.158	36.0	51.0	1.10338876928E7	2.0	0.0	87.0	6.92282555658E-4	2.35296433246E-5	7.59671341623E-5	0.0298648581637	16	10	31
com.dstvmobile.app.adrifta.product	231	1.0	0.0	0.0	0.0	0.0	0.0	0.0	0.0	0.0	0.0	0.0	0.0	1.0	1.54113549225E-4	0.0	NULL	NULL	16	10	31
com.dstvmobile.app.adrifta.product	566	43.0	0.0	0.0	1.0	0.0	0.0	0.0	0.0	0.0	0.0	0.0	1.0	29.0	0.00236496280649	8.93197169856E-6	NULL	NULL	16	10	31
com.dstvmobile.app.adrifta.product	826	1.0	0.0	0.0	0.0	0.0	0.0	0.0	0.0	0.0	0.0	0.0	0.0	0.0	9.8044983228E-34	3.63129567511E-35	NULL	NULL	16	10	31
com.dstvmobile.app.adrifta.product	404	2.0	0.0	0.0	0.0	0.0	0.0	0.0	0.0	0.0	0.0	0.0	0.0	0.0	3.12047889548E-4	0.0	NULL	NULL	16	11	1
com.dstvmobile.app.adrifta.product	231	1.0	0.0	0.0	0.0	0.0	0.0	0.0	0.0	0.0	0.0	0.0	0.0	1.0	1.7649552516E-4	0.0	NULL	NULL	16	11	1
com.dstvmobile.app.adrifta.product	288	8.0	1.0	0.0	0.0	0.0	1.0	100.002	0.0	1.0	10000.400004	0.0	0.0	6.0	9.96425493074E-4	1.01107880915E-4	1.01107880915E-4	0.0101109903072	16	11	1
com.dstvmobile.app.adrifta.product	840	2.0	0.0	0.0	0.0	0.0	0.0	0.0	0.0	0.0	0.0	0.0	0.0	2.0	3.21828803489E-6	3.35238336967E-7	NULL	NULL	16	11	1
com.dstvmobile.app.adrifta.product	710	124.0	1.0	0.0	0.0	0.0	4.0	2012.813	9.0	16.0	4051416.17297	0.0	0.0	63.0	7.51002691776E-4	1.16273400873E-5	4.65093603491E-5	0.0234036612831	16	11	1
com.dstvmobile.app.adrifta.product	528	1.0	0.0	0.0	0.0	0.0	0.0	0.0	0.0	0.0	0.0	0.0	0.0	1.0	2.96730732204E-5	0.0	NULL	NULL	16	11	1
com.dstvmobile.app.adrifta.product	566	39.0	0.0	0.0	0.0	0.0	0.0	0.0	0.0	0.0	0.0	0.0	0.0	28.0	0.00235915009132	8.33276730102E-6	NULL	NULL	16	11	1
com.dstvmobile.app.adrifta.product	288	7.0	0.0	0.0	0.0	0.0	0.0	0.0	0.0	0.0	0.0	0.0	0.0	5.0	8.04493385213E-4	1.49534086471E-6	NULL	NULL	16	11	2
com.dstvmobile.app.adrifta.product	404	2.0	0.0	0.0	0.0	0.0	0.0	0.0	0.0	0.0	0.0	0.0	0.0	0.0	2.54845216335E-4	0.0	NULL	NULL	16	11	2
com.dstvmobile.app.adrifta.product	231	1.0	0.0	0.0	0.0	0.0	0.0	0.0	0.0	0.0	0.0	0.0	0.0	1.0	1.49517134663E-4	0.0	NULL	NULL	16	11	2
com.dstvmobile.app.adrifta.product	566	46.0	0.0	0.0	0.0	0.0	0.0	0.0	0.0	0.0	0.0	0.0	0.0	31.0	0.00252060438305	8.08314834445E-6	NULL	NULL	16	11	2
com.dstvmobile.app.adrifta.product	840	2.0	1.0	0.0	0.0	0.0	2.0	6900.243	1.0	4.0	4.7613353459E7	0.0	0.0	2.0	2.35131495559E-6	6.53143043219E-7	1.30628608644E-6	0.00450684571197	16	11	2
com.dstvmobile.app.adrifta.product	710	169.0	2.0	1.0	0.0	0.0	2.0	1848.777	0.0	2.0	1877442.91422	1.0	0.0	80.0	6.64981121996E-4	1.65185620653E-5	1.65185620653E-5	0.0152695688097	16	11	2
com.dstvmobile.app.adrifta.product	276	1.0	0.0	0.0	0.0	0.0	0.0	0.0	0.0	0.0	0.0	0.0	0.0	1.0	3.55806802901E-6	0.0	NULL	NULL	16	11	2
com.dstvmobile.app.adrifta.product	231	1.0	0.0	0.0	0.0	0.0	0.0	0.0	0.0	0.0	0.0	0.0	0.0	1.0	1.48411293155E-4	0.0	NULL	NULL	16	11	3
com.dstvmobile.app.adrifta.product	404	3.0	0.0	0.0	0.0	0.0	0.0	0.0	0.0	0.0	0.0	0.0	0.0	0.0	3.87323899527E-4	0.0	NULL	NULL	16	11	3
com.dstvmobile.app.adrifta.product	288	7.0	0.0	0.0	0.0	0.0	0.0	0.0	0.0	0.0	0.0	0.0	0.0	5.0	8.22642731259E-4	1.55215609672E-6	NULL	NULL	16	11	3
com.dstvmobile.app.adrifta.product	528	1.0	0.0	0.0	0.0	0.0	0.0	0.0	0.0	0.0	0.0	0.0	0.0	1.0	2.34735902207E-5	0.0	NULL	NULL	16	11	3
com.dstvmobile.app.adrifta.product	840	1.0	1.0	0.0	0.0	0.0	1.0	7770.264	0.0	1.0	6.03770026297E7	0.0	0.0	1.0	1.0754572899E-38	3.79842361966E-39	3.79842361966E-39	2.95147543086E-35	16	11	3
com.dstvmobile.app.adrifta.product	768	1.0	0.0	0.0	0.0	0.0	0.0	0.0	0.0	0.0	0.0	0.0	0.0	1.0	4.02301524106E-4	0.0	NULL	NULL	16	11	3
com.dstvmobile.app.adrifta.product	710	154.0	1.0	0.0	0.0	0.0	1.0	20.001	0.0	1.0	400.040001	0.0	0.0	87.0	5.70899083529E-4	6.75934523249E-6	6.75934523249E-6	1.35193663995E-4	16	11	3
com.dstvmobile.app.adrifta.product	566	46.0	2.0	0.0	0.0	0.0	2.0	582.193	0.0	2.0	172694.616629	0.0	0.0	32.0	0.0025508074369	1.51622742019E-4	1.51622742019E-4	0.0441368495222	16	11	3
com.dstvmobile.app.adrifta.product	508	1.0	0.0	0.0	0.0	0.0	0.0	0.0	0.0	0.0	0.0	0.0	0.0	0.0	2.29569727318E-4	0.0	NULL	NULL	16	11	3
com.dstvmobile.app.adrifta.product	288	10.0	0.0	0.0	0.0	0.0	0.0	0.0	0.0	0.0	0.0	0.0	0.0	6.0	0.00116833506143	1.99647139684E-6	NULL	NULL	16	11	4
com.dstvmobile.app.adrifta.product	404	2.0	0.0	0.0	0.0	0.0	0.0	0.0	0.0	0.0	0.0	0.0	0.0	1.0	2.59879898204E-4	0.0	NULL	NULL	16	11	4
com.dstvmobile.app.adrifta.product	784	1.0	0.0	0.0	0.0	0.0	0.0	0.0	0.0	0.0	0.0	0.0	0.0	1.0	1.33847832849E-5	0.0	NULL	NULL	16	11	4
com.dstvmobile.app.adrifta.product	710	155.0	0.0	0.0	0.0	0.0	0.0	0.0	0.0	0.0	0.0	0.0	0.0	86.0	5.9787028654E-4	3.66927470739E-7	NULL	NULL	16	11	4
com.dstvmobile.app.adrifta.product	768	1.0	0.0	0.0	0.0	0.0	0.0	0.0	0.0	0.0	0.0	0.0	0.0	1.0	3.60437652718E-4	0.0	NULL	NULL	16	11	4
com.dstvmobile.app.adrifta.product	840	2.0	0.0	0.0	0.0	0.0	0.0	0.0	0.0	0.0	0.0	0.0	0.0	2.0	1.95869214916E-6	2.6790622101E-7	NULL	NULL	16	11	4
com.dstvmobile.app.adrifta.product	508	1.0	0.0	0.0	0.0	0.0	0.0	0.0	0.0	0.0	0.0	0.0	0.0	0.0	2.31763742885E-4	0.0	NULL	NULL	16	11	4
com.dstvmobile.app.adrifta.product	826	1.0	0.0	0.0	0.0	0.0	0.0	0.0	0.0	0.0	0.0	0.0	0.0	1.0	2.8993503985E-26	9.66450132833E-28	NULL	NULL	16	11	4
com.dstvmobile.app.adrifta.product	566	45.0	0.0	0.0	0.0	0.0	0.0	0.0	0.0	0.0	0.0	0.0	0.0	26.0	0.00247577311788	9.43271444455E-6	NULL	NULL	16	11	4
com.dstvmobile.app.adrifta.product	288	7.0	0.0	0.0	0.0	0.0	0.0	0.0	0.0	0.0	0.0	0.0	0.0	4.0	8.28198855009E-4	1.72973862784E-6	NULL	NULL	16	11	5
com.dstvmobile.app.adrifta.product	404	1.0	0.0	0.0	0.0	0.0	0.0	0.0	0.0	0.0	0.0	0.0	0.0	0.0	1.32450594031E-4	0.0	NULL	NULL	16	11	5
com.dstvmobile.app.adrifta.product	231	1.0	0.0	0.0	0.0	0.0	0.0	0.0	0.0	0.0	0.0	0.0	0.0	1.0	1.69008680326E-4	0.0	NULL	NULL	16	11	5
com.dstvmobile.app.adrifta.product	840	1.0	1.0	0.0	0.0	0.0	2.0	2690.084	1.0	4.0	7236551.92706	0.0	0.0	1.0	9.19198534562E-39	3.50966713197E-39	7.01933426393E-39	9.44129939703E-36	16	11	5
com.dstvmobile.app.adrifta.product	710	159.0	1.0	3.0	0.0	0.0	6.0	5660.205	25.0	36.0	3.2037920642E7	2.0	0.0	88.0	6.10069667447E-4	6.86919318456E-6	4.12151591074E-5	0.0388810416092	16	11	5
com.dstvmobile.app.adrifta.product	566	40.0	0.0	0.0	0.0	0.0	0.0	0.0	0.0	0.0	0.0	0.0	0.0	24.0	0.00221735044255	9.08799842566E-6	NULL	NULL	16	11	5
com.dstvmobile.app.adrifta.product	0	1.0	0.0	0.0	0.0	0.0	0.0	0.0	0.0	0.0	0.0	0.0	0.0	1.0	0.00207637132657	0.0	NULL	NULL	16	11	6
com.dstvmobile.app.adrifta.product	710	190.0	3.0	0.0	0.0	0.0	5.0	960.065	2.0	9.0	410441.682067	0.0	0.0	105.0	7.88712525699E-4	2.14950068766E-5	3.5825011461E-5	0.00687886792566	16	11	6
com.dstvmobile.app.adrifta.product	288	7.0	0.0	0.0	0.0	0.0	0.0	0.0	0.0	0.0	0.0	0.0	0.0	5.0	7.31259094255E-4	1.38496040579E-6	NULL	NULL	16	11	6
com.dstvmobile.app.adrifta.product	430	1.0	0.0	0.0	0.0	0.0	0.0	0.0	0.0	0.0	0.0	0.0	0.0	1.0	0.00270826420317	0.0	NULL	NULL	16	11	6
com.dstvmobile.app.adrifta.product	840	1.0	1.0	0.0	0.0	0.0	4.0	12360.422	9.0	16.0	1.52780032018E8	0.0	0.0	1.0	1.08881349643E-41	4.40589647394E-42	1.76235858958E-41	5.44587397062E-38	16	11	6
com.dstvmobile.app.adrifta.product	50	1.0	0.0	0.0	0.0	0.0	0.0	0.0	0.0	0.0	0.0	0.0	0.0	1.0	1.7717415287E-6	0.0	NULL	NULL	16	11	6
com.dstvmobile.app.adrifta.product	768	1.0	0.0	0.0	0.0	0.0	0.0	0.0	0.0	0.0	0.0	0.0	0.0	1.0	3.59821414306E-4	0.0	NULL	NULL	16	11	6
com.dstvmobile.app.adrifta.product	56	1.0	0.0	0.0	0.0	0.0	0.0	0.0	0.0	0.0	0.0	0.0	0.0	1.0	3.84563263772E-5	0.0	NULL	NULL	16	11	6
com.dstvmobile.app.adrifta.product	566	51.0	2.0	0.0	0.0	0.0	2.0	953.671	0.0	2.0	723297.070933	0.0	0.0	37.0	0.00244158637496	1.26316079743E-4	1.26316079743E-4	0.0602319910424	16	11	6
com.dstvmobile.app.adrifta.product	516	1.0	0.0	0.0	0.0	0.0	0.0	0.0	0.0	0.0	0.0	0.0	0.0	0.0	1.62200791878E-4	0.0	NULL	NULL	16	11	6
com.dstvmobile.app.adrifta.product	0	1.0	0.0	0.0	0.0	0.0	0.0	0.0	0.0	0.0	0.0	0.0	0.0	1.0	0.00227346185057	0.0	NULL	NULL	16	11	7
com.dstvmobile.app.adrifta.product	404	2.0	0.0	0.0	0.0	0.0	0.0	0.0	0.0	0.0	0.0	0.0	0.0	1.0	2.19397607652E-4	0.0	NULL	NULL	16	11	7
com.dstvmobile.app.adrifta.product	288	10.0	0.0	0.0	0.0	0.0	0.0	0.0	0.0	0.0	0.0	0.0	0.0	7.0	0.00107146272639	1.69750115081E-6	NULL	NULL	16	11	7
com.dstvmobile.app.adrifta.product	710	174.0	1.0	1.0	1.0	0.0	1.0	20.0	0.0	1.0	400.0	1.0	1.0	94.0	6.92078518511E-4	7.3069473697E-6	7.3069473697E-6	1.46138947394E-4	16	11	7
com.dstvmobile.app.adrifta.product	508	1.0	0.0	0.0	0.0	0.0	0.0	0.0	0.0	0.0	0.0	0.0	0.0	0.0	2.29305484888E-4	0.0	NULL	NULL	16	11	7
com.dstvmobile.app.adrifta.product	840	1.0	0.0	0.0	0.0	0.0	0.0	0.0	0.0	0.0	0.0	0.0	0.0	1.0	3.53478835576E-40	7.01346895983E-41	NULL	NULL	16	11	7
com.dstvmobile.app.adrifta.product	231	1.0	0.0	0.0	0.0	0.0	0.0	0.0	0.0	0.0	0.0	0.0	0.0	1.0	1.50073893657E-4	0.0	NULL	NULL	16	11	7
com.dstvmobile.app.adrifta.product	50	1.0	0.0	0.0	0.0	0.0	0.0	0.0	0.0	0.0	0.0	0.0	0.0	1.0	1.75826456345E-6	0.0	NULL	NULL	16	11	7
com.dstvmobile.app.adrifta.product	566	44.0	1.0	1.0	0.0	0.0	3.0	2519.724	4.0	9.0	6349009.03618	1.0	0.0	27.0	0.0020485784563	7.23673248847E-5	2.17101974654E-4	0.182345685328	16	11	7
com.dstvmobile.app.adrifta.product	404	2.0	0.0	0.0	0.0	0.0	0.0	0.0	0.0	0.0	0.0	0.0	0.0	1.0	1.75756553492E-4	0.0	NULL	NULL	16	11	8
com.dstvmobile.app.adrifta.product	784	1.0	0.0	0.0	0.0	0.0	0.0	0.0	0.0	0.0	0.0	0.0	0.0	1.0	1.1277916222E-5	0.0	NULL	NULL	16	11	8
com.dstvmobile.app.adrifta.product	288	9.0	0.0	0.0	0.0	0.0	0.0	0.0	0.0	0.0	0.0	0.0	0.0	8.0	8.58511616949E-4	1.26998759904E-6	NULL	NULL	16	11	8
com.dstvmobile.app.adrifta.product	710	175.0	2.0	0.0	2.0	0.0	5.0	2927.213	5.0	13.0	7788786.37239	0.0	1.0	95.0	6.85090108289E-4	1.43337503534E-5	3.58343758835E-5	0.0209789701866	16	11	8
com.dstvmobile.app.adrifta.product	768	1.0	0.0	0.0	0.0	0.0	0.0	0.0	0.0	0.0	0.0	0.0	0.0	1.0	3.78484898907E-4	0.0	NULL	NULL	16	11	8
com.dstvmobile.app.adrifta.product	231	1.0	0.0	0.0	0.0	0.0	0.0	0.0	0.0	0.0	0.0	0.0	0.0	1.0	1.6217535149E-4	0.0	NULL	NULL	16	11	8
com.dstvmobile.app.adrifta.product	826	1.0	0.0	0.0	0.0	0.0	0.0	0.0	0.0	0.0	0.0	0.0	0.0	1.0	1.81147159195E-40	0.0	NULL	NULL	16	11	8
com.dstvmobile.app.adrifta.product	50	1.0	0.0	0.0	0.0	0.0	0.0	0.0	0.0	0.0	0.0	0.0	0.0	1.0	1.78021470764E-6	0.0	NULL	NULL	16	11	8
com.dstvmobile.app.adrifta.product	56	1.0	0.0	0.0	0.0	0.0	0.0	0.0	0.0	0.0	0.0	0.0	0.0	1.0	4.11866946068E-5	0.0	NULL	NULL	16	11	8
com.dstvmobile.app.adrifta.product	840	1.0	0.0	0.0	0.0	0.0	0.0	0.0	0.0	0.0	0.0	0.0	0.0	1.0	2.8901111839E-39	5.87420972338E-40	NULL	NULL	16	11	8
com.dstvmobile.app.adrifta.product	566	54.0	3.0	0.0	0.0	0.0	8.0	10254.491	9.0	22.0	4.26655623017E7	0.0	0.0	37.0	0.00157064258879	1.22413358478E-4	3.26435622608E-4	0.418428894264	16	11	8
com.dstvmobile.app.adrifta.product	516	1.0	0.0	0.0	0.0	0.0	0.0	0.0	0.0	0.0	0.0	0.0	0.0	1.0	1.63373514027E-4	0.0	NULL	NULL	16	11	8
com.dstvmobile.app.adrifta.product	404	3.0	0.0	0.0	0.0	0.0	0.0	0.0	0.0	0.0	0.0	0.0	0.0	1.0	2.48912956838E-4	0.0	NULL	NULL	16	11	9
com.dstvmobile.app.adrifta.product	784	2.0	0.0	0.0	0.0	0.0	0.0	0.0	0.0	0.0	0.0	0.0	0.0	2.0	2.14298561862E-5	0.0	NULL	NULL	16	11	9
com.dstvmobile.app.adrifta.product	0	1.0	0.0	0.0	0.0	0.0	0.0	0.0	0.0	0.0	0.0	0.0	0.0	1.0	0.00150519609263	0.0	NULL	NULL	16	11	9
com.dstvmobile.app.adrifta.product	288	12.0	0.0	0.0	0.0	0.0	0.0	0.0	0.0	0.0	0.0	0.0	0.0	9.0	0.00105624086906	1.45088031465E-6	NULL	NULL	16	11	9
com.dstvmobile.app.adrifta.product	710	186.0	2.0	1.0	1.0	0.0	6.0	4170.451	10.0	20.0	1.43125432184E7	1.0	1.0	103.0	7.57164011246E-4	1.45535548087E-5	4.36606644261E-5	0.0303474436027	16	11	9
com.dstvmobile.app.adrifta.product	231	1.0	0.0	0.0	0.0	0.0	0.0	0.0	0.0	0.0	0.0	0.0	0.0	0.0	1.46549202086E-4	0.0	NULL	NULL	16	11	9
com.dstvmobile.app.adrifta.product	50	1.0	0.0	0.0	0.0	0.0	0.0	0.0	0.0	0.0	0.0	0.0	0.0	1.0	1.72491496509E-6	0.0	NULL	NULL	16	11	9
com.dstvmobile.app.adrifta.product	840	1.0	0.0	0.0	0.0	0.0	0.0	0.0	0.0	0.0	0.0	0.0	0.0	1.0	4.13949974298E-39	8.62395779788E-40	NULL	NULL	16	11	9
com.dstvmobile.app.adrifta.product	508	1.0	0.0	0.0	0.0	0.0	0.0	0.0	0.0	0.0	0.0	0.0	0.0	1.0	2.07497056184E-4	0.0	NULL	NULL	16	11	9
com.dstvmobile.app.adrifta.product	826	1.0	0.0	0.0	0.0	0.0	0.0	0.0	0.0	0.0	0.0	0.0	0.0	1.0	4.93794066563E-41	0.0	NULL	NULL	16	11	9
com.dstvmobile.app.adrifta.product	566	70.0	2.0	1.0	1.0	0.0	13.0	6424.71	101.0	125.0	2.68811897473E7	1.0	1.0	49.0	0.00182378612725	7.31998022156E-5	4.75798714401E-4	0.235143750646	16	11	9
com.dstvmobile.app.adrifta.product	384	1.0	0.0	0.0	0.0	0.0	0.0	0.0	0.0	0.0	0.0	0.0	0.0	1.0	1.21754073002E-4	0.0	NULL	NULL	16	11	10
com.dstvmobile.app.adrifta.product	0	1.0	0.0	0.0	0.0	0.0	0.0	0.0	0.0	0.0	0.0	0.0	0.0	1.0	0.00157394620649	0.0	NULL	NULL	16	11	10
com.dstvmobile.app.adrifta.product	392	1.0	0.0	0.0	0.0	0.0	0.0	0.0	0.0	0.0	0.0	0.0	0.0	1.0	6.00382425564E-6	0.0	NULL	NULL	16	11	10
com.dstvmobile.app.adrifta.product	288	7.0	0.0	0.0	0.0	0.0	0.0	0.0	0.0	0.0	0.0	0.0	0.0	6.0	6.21919702159E-4	1.09570067329E-6	NULL	NULL	16	11	10
com.dstvmobile.app.adrifta.product	404	4.0	0.0	0.0	0.0	0.0	0.0	0.0	0.0	0.0	0.0	0.0	0.0	1.0	3.29944066642E-4	0.0	NULL	NULL	16	11	10
com.dstvmobile.app.adrifta.product	768	1.0	0.0	0.0	0.0	0.0	0.0	0.0	0.0	0.0	0.0	0.0	0.0	1.0	3.58680189138E-4	0.0	NULL	NULL	16	11	10
com.dstvmobile.app.adrifta.product	710	202.0	2.0	1.0	0.0	0.0	4.0	36414.895	2.0	8.0	7.33198052666E8	1.0	0.0	100.0	8.91217284749E-4	1.79301434114E-5	3.58602868227E-5	0.32646214483	16	11	10
com.dstvmobile.app.adrifta.product	840	1.0	0.0	0.0	0.0	0.0	0.0	0.0	0.0	0.0	0.0	0.0	0.0	1.0	1.24206626495E-39	2.65398774563E-40	NULL	NULL	16	11	10
com.dstvmobile.app.adrifta.product	231	1.0	0.0	0.0	0.0	0.0	0.0	0.0	0.0	0.0	0.0	0.0	0.0	1.0	1.46033835004E-4	0.0	NULL	NULL	16	11	10
com.dstvmobile.app.adrifta.product	430	1.0	0.0	0.0	0.0	0.0	0.0	0.0	0.0	0.0	0.0	0.0	0.0	0.0	0.00243526621056	0.0	NULL	NULL	16	11	10
com.dstvmobile.app.adrifta.product	826	1.0	0.0	0.0	0.0	0.0	0.0	0.0	0.0	0.0	0.0	0.0	0.0	1.0	5.98702414442E-42	0.0	NULL	NULL	16	11	10
com.dstvmobile.app.adrifta.product	56	1.0	0.0	0.0	0.0	0.0	0.0	0.0	0.0	0.0	0.0	0.0	0.0	1.0	3.72956585536E-5	0.0	NULL	NULL	16	11	10
com.dstvmobile.app.adrifta.product	50	1.0	0.0	0.0	0.0	0.0	0.0	0.0	0.0	0.0	0.0	0.0	0.0	1.0	1.7197692234E-6	0.0	NULL	NULL	16	11	10
com.dstvmobile.app.adrifta.product	392	2.0	0.0	0.0	0.0	0.0	0.0	0.0	0.0	0.0	0.0	0.0	0.0	2.0	1.19528707956E-5	0.0	NULL	NULL	16	11	11
com.dstvmobile.app.adrifta.product	384	1.0	0.0	0.0	0.0	0.0	0.0	0.0	0.0	0.0	0.0	0.0	0.0	0.0	1.23018763399E-4	0.0	NULL	NULL	16	11	11
com.dstvmobile.app.adrifta.product	710	197.0	2.0	2.0	0.0	0.0	5.0	1116.58	9.0	17.0	705133.805392	2.0	0.0	108.0	7.91950525561E-4	1.41242899922E-5	3.53107249805E-5	0.00788544985974	16	11	11
com.dstvmobile.app.adrifta.product	404	3.0	0.0	0.0	0.0	0.0	0.0	0.0	0.0	0.0	0.0	0.0	0.0	0.0	2.47217301576E-4	0.0	NULL	NULL	16	11	11
com.dstvmobile.app.adrifta.product	784	1.0	0.0	0.0	0.0	0.0	0.0	0.0	0.0	0.0	0.0	0.0	0.0	1.0	1.0499835786E-5	0.0	NULL	NULL	16	11	11
com.dstvmobile.app.adrifta.product	288	9.0	0.0	0.0	0.0	0.0	0.0	0.0	0.0	0.0	0.0	0.0	0.0	7.0	7.86792876533E-4	1.27560453394E-6	NULL	NULL	16	11	11
com.dstvmobile.app.adrifta.product	231	1.0	0.0	0.0	0.0	0.0	0.0	0.0	0.0	0.0	0.0	0.0	0.0	1.0	1.4591655249E-4	0.0	NULL	NULL	16	11	11
com.dstvmobile.app.adrifta.product	768	1.0	0.0	0.0	0.0	0.0	0.0	0.0	0.0	0.0	0.0	0.0	0.0	1.0	3.28324544022E-4	0.0	NULL	NULL	16	11	11
com.dstvmobile.app.adrifta.product	508	1.0	0.0	0.0	0.0	0.0	0.0	0.0	0.0	0.0	0.0	0.0	0.0	1.0	2.08062756657E-4	0.0	NULL	NULL	16	11	11
com.dstvmobile.app.adrifta.product	566	69.0	5.0	1.0	0.0	0.0	9.0	9805.954	8.0	21.0	5.01164737208E7	1.0	0.0	51.0	0.0018197521402	1.82738691178E-4	3.38925606716E-4	0.369276545431	16	11	11
com.dstvmobile.app.adrifta.product	50	1.0	0.0	0.0	0.0	0.0	0.0	0.0	0.0	0.0	0.0	0.0	0.0	1.0	1.72647514841E-6	0.0	NULL	NULL	16	11	11
com.dstvmobile.app.adrifta.product	840	2.0	0.0	0.0	0.0	0.0	0.0	0.0	0.0	0.0	0.0	0.0	0.0	2.0	1.22262097604E-6	2.23923255685E-7	NULL	NULL	16	11	11
com.dstvmobile.app.adrifta.product	430	1.0	0.0	0.0	0.0	0.0	0.0	0.0	0.0	0.0	0.0	0.0	0.0	1.0	0.00257983264362	0.0	NULL	NULL	16	11	11
com.dstvmobile.app.adrifta.product	56	1.0	0.0	0.0	0.0	0.0	0.0	0.0	0.0	0.0	0.0	0.0	0.0	1.0	3.63960375595E-5	0.0	NULL	NULL	16	11	11
com.dstvmobile.app.adrifta.product	826	1.0	0.0	0.0	0.0	0.0	0.0	0.0	0.0	0.0	0.0	0.0	0.0	1.0	4.24842241579E-41	0.0	NULL	NULL	16	11	11
com.dstvmobile.app.adrifta.product	392	3.0	0.0	0.0	0.0	0.0	0.0	0.0	0.0	0.0	0.0	0.0	0.0	3.0	1.83332113514E-5	0.0	NULL	NULL	16	11	12
com.dstvmobile.app.adrifta.product	768	1.0	0.0	0.0	0.0	0.0	0.0	0.0	0.0	0.0	0.0	0.0	0.0	1.0	3.17920249012E-4	0.0	NULL	NULL	16	11	12
com.dstvmobile.app.adrifta.product	710	194.0	2.0	0.0	3.0	0.0	14.0	10060.417	74.0	100.0	5.07982750953E7	0.0	3.0	101.0	8.10482491673E-4	1.54837851344E-5	1.08386495941E-4	0.0778866675953	16	11	12
com.dstvmobile.app.adrifta.product	288	8.0	0.0	0.0	0.0	0.0	0.0	0.0	0.0	0.0	0.0	0.0	0.0	7.0	7.11064635834E-4	1.16187031999E-6	NULL	NULL	16	11	12
com.dstvmobile.app.adrifta.product	404	4.0	0.0	0.0	0.0	0.0	0.0	0.0	0.0	0.0	0.0	0.0	0.0	2.0	3.40209441332E-4	0.0	NULL	NULL	16	11	12
com.dstvmobile.app.adrifta.product	784	1.0	0.0	0.0	0.0	0.0	0.0	0.0	0.0	0.0	0.0	0.0	0.0	1.0	1.07268223711E-5	0.0	NULL	NULL	16	11	12
com.dstvmobile.app.adrifta.product	231	1.0	0.0	0.0	0.0	0.0	0.0	0.0	0.0	0.0	0.0	0.0	0.0	1.0	1.78196895224E-4	0.0	NULL	NULL	16	11	12
com.dstvmobile.app.adrifta.product	56	1.0	0.0	0.0	0.0	0.0	0.0	0.0	0.0	0.0	0.0	0.0	0.0	1.0	3.84340536208E-5	0.0	NULL	NULL	16	11	12
com.dstvmobile.app.adrifta.product	50	1.0	0.0	0.0	0.0	0.0	0.0	0.0	0.0	0.0	0.0	0.0	0.0	1.0	1.73112085835E-6	0.0	NULL	NULL	16	11	12
com.dstvmobile.app.adrifta.product	840	2.0	1.0	0.0	0.0	0.0	2.0	8370.254	1.0	4.0	7.00611520245E7	0.0	0.0	2.0	1.77066224562E-6	6.19731785967E-7	1.23946357193E-6	0.00518731246042	16	11	12
com.dstvmobile.app.adrifta.product	826	1.0	0.0	0.0	0.0	0.0	0.0	0.0	0.0	0.0	0.0	0.0	0.0	1.0	4.34772412499E-41	0.0	NULL	NULL	16	11	12
com.dstvmobile.app.adrifta.product	566	67.0	2.0	0.0	0.0	0.0	2.0	370.015	0.0	2.0	104908.520173	0.0	0.0	44.0	0.00183255457567	8.14596572512E-5	8.14596572512E-5	0.0150706475389	16	11	12
com.dstvmobile.app.adrifta.product	392	2.0	0.0	0.0	0.0	0.0	0.0	0.0	0.0	0.0	0.0	0.0	0.0	2.0	1.22756471937E-5	0.0	NULL	NULL	16	11	13
com.dstvmobile.app.adrifta.product	288	9.0	0.0	0.0	0.0	0.0	0.0	0.0	0.0	0.0	0.0	0.0	0.0	8.0	8.09597279562E-4	1.22591956324E-6	NULL	NULL	16	11	13
com.dstvmobile.app.adrifta.product	710	208.0	3.0	0.0	3.0	0.0	3.0	9008.709	0.0	3.0	4.32572192491E7	0.0	2.0	125.0	9.68613358872E-4	2.33298637084E-5	2.33298637084E-5	0.0700573177194	16	11	13
com.dstvmobile.app.adrifta.product	430	1.0	0.0	0.0	0.0	0.0	0.0	0.0	0.0	0.0	0.0	0.0	0.0	1.0	0.00264214934695	0.0	NULL	NULL	16	11	13
com.dstvmobile.app.adrifta.product	768	1.0	0.0	0.0	0.0	0.0	0.0	0.0	0.0	0.0	0.0	0.0	0.0	1.0	3.26030125788E-4	0.0	NULL	NULL	16	11	13
com.dstvmobile.app.adrifta.product	404	2.0	0.0	0.0	0.0	0.0	0.0	0.0	0.0	0.0	0.0	0.0	0.0	1.0	1.71406506048E-4	0.0	NULL	NULL	16	11	13
com.dstvmobile.app.adrifta.product	784	1.0	0.0	0.0	0.0	0.0	0.0	0.0	0.0	0.0	0.0	0.0	0.0	1.0	1.11073655699E-5	0.0	NULL	NULL	16	11	13
com.dstvmobile.app.adrifta.product	840	2.0	1.0	0.0	0.0	0.0	1.0	1660.043	0.0	1.0	2755742.76185	0.0	0.0	2.0	1.97191777859E-6	7.04256349496E-7	7.04256349496E-7	0.00116909582319	16	11	13
com.dstvmobile.app.adrifta.product	566	75.0	0.0	1.0	1.0	0.0	0.0	0.0	0.0	0.0	0.0	1.0	1.0	50.0	0.00214846857599	4.87591753077E-6	NULL	NULL	16	11	13
com.dstvmobile.app.adrifta.product	826	1.0	0.0	0.0	0.0	0.0	0.0	0.0	0.0	0.0	0.0	0.0	0.0	1.0	1.65345332806E-41	0.0	NULL	NULL	16	11	13
com.dstvmobile.app.adrifta.product	56	1.0	0.0	0.0	0.0	0.0	0.0	0.0	0.0	0.0	0.0	0.0	0.0	1.0	3.90074503678E-5	0.0	NULL	NULL	16	11	13
com.dstvmobile.app.adrifta.product	50	1.0	0.0	0.0	0.0	0.0	0.0	0.0	0.0	0.0	0.0	0.0	0.0	1.0	1.73425132061E-6	0.0	NULL	NULL	16	11	13
com.dstvmobile.app.adrifta.product	392	2.0	0.0	0.0	0.0	0.0	0.0	0.0	0.0	0.0	0.0	0.0	0.0	2.0	1.20615970759E-5	0.0	NULL	NULL	16	11	14
com.dstvmobile.app.adrifta.product	710	188.0	0.0	0.0	0.0	0.0	0.0	0.0	0.0	0.0	0.0	0.0	0.0	101.0	8.24230242157E-4	3.92715000075E-7	NULL	NULL	16	11	14
com.dstvmobile.app.adrifta.product	430	1.0	0.0	0.0	0.0	0.0	0.0	0.0	0.0	0.0	0.0	0.0	0.0	1.0	0.00260664892001	0.0	NULL	NULL	16	11	14
com.dstvmobile.app.adrifta.product	288	8.0	0.0	0.0	0.0	0.0	0.0	0.0	0.0	0.0	0.0	0.0	0.0	6.0	7.09997077157E-4	1.27057458332E-6	NULL	NULL	16	11	14
com.dstvmobile.app.adrifta.product	508	1.0	0.0	0.0	0.0	0.0	0.0	0.0	0.0	0.0	0.0	0.0	0.0	1.0	2.10536005124E-4	0.0	NULL	NULL	16	11	14
com.dstvmobile.app.adrifta.product	231	1.0	0.0	0.0	0.0	0.0	0.0	0.0	0.0	0.0	0.0	0.0	0.0	1.0	1.5191936309E-4	0.0	NULL	NULL	16	11	14
com.dstvmobile.app.adrifta.product	404	2.0	0.0	0.0	0.0	0.0	0.0	0.0	0.0	0.0	0.0	0.0	0.0	0.0	1.6418212273E-4	0.0	NULL	NULL	16	11	14
com.dstvmobile.app.adrifta.product	784	1.0	0.0	0.0	0.0	0.0	0.0	0.0	0.0	0.0	0.0	0.0	0.0	1.0	1.09139017121E-5	0.0	NULL	NULL	16	11	14
com.dstvmobile.app.adrifta.product	840	2.0	0.0	0.0	0.0	0.0	0.0	0.0	0.0	0.0	0.0	0.0	0.0	2.0	1.86780664393E-6	3.72320261248E-7	NULL	NULL	16	11	14
com.dstvmobile.app.adrifta.product	826	1.0	0.0	0.0	0.0	0.0	0.0	0.0	0.0	0.0	0.0	0.0	0.0	1.0	4.32272127713E-41	0.0	NULL	NULL	16	11	14
com.dstvmobile.app.adrifta.product	566	73.0	0.0	0.0	0.0	0.0	0.0	0.0	0.0	0.0	0.0	0.0	0.0	52.0	0.00197022829992	3.88102835318E-6	NULL	NULL	16	11	14
com.dstvmobile.app.adrifta.product	50	1.0	0.0	0.0	0.0	0.0	0.0	0.0	0.0	0.0	0.0	0.0	0.0	1.0	1.74013504841E-6	0.0	NULL	NULL	16	11	14
com.dstvmobile.app.adrifta.product	480	1.0	0.0	0.0	0.0	0.0	0.0	0.0	0.0	0.0	0.0	0.0	0.0	0.0	2.68765150442E-5	0.0	NULL	NULL	16	11	14
com.dstvmobile.app.adrifta.product	392	1.0	0.0	0.0	0.0	0.0	0.0	0.0	0.0	0.0	0.0	0.0	0.0	1.0	5.93981513986E-6	0.0	NULL	NULL	16	11	15
com.dstvmobile.app.adrifta.product	288	8.0	1.0	0.0	0.0	0.0	1.0	20.001	0.0	1.0	400.040001	0.0	0.0	6.0	7.06883729228E-4	7.29324482537E-5	7.29324482537E-5	0.00145872189752	16	11	15
com.dstvmobile.app.adrifta.product	231	1.0	0.0	0.0	0.0	0.0	0.0	0.0	0.0	0.0	0.0	0.0	0.0	1.0	1.36953736477E-4	0.0	NULL	NULL	16	11	15
com.dstvmobile.app.adrifta.product	430	1.0	0.0	0.0	0.0	0.0	0.0	0.0	0.0	0.0	0.0	0.0	0.0	1.0	0.0026688834847	0.0	NULL	NULL	16	11	15
com.dstvmobile.app.adrifta.product	710	197.0	2.0	0.0	0.0	0.0	2.0	354.94	0.0	2.0	88328.007632	0.0	0.0	100.0	7.98853896481E-4	1.57951320313E-5	1.57951320313E-5	0.00280316208159	16	11	15
com.dstvmobile.app.adrifta.product	404	3.0	0.0	0.0	0.0	0.0	0.0	0.0	0.0	0.0	0.0	0.0	0.0	1.0	2.4299952536E-4	0.0	NULL	NULL	16	11	15
com.dstvmobile.app.adrifta.product	56	1.0	0.0	0.0	0.0	0.0	0.0	0.0	0.0	0.0	0.0	0.0	0.0	1.0	3.69987144809E-5	0.0	NULL	NULL	16	11	15
com.dstvmobile.app.adrifta.product	826	1.0	0.0	0.0	0.0	0.0	0.0	0.0	0.0	0.0	0.0	0.0	0.0	1.0	5.64460630645E-42	0.0	NULL	NULL	16	11	15
com.dstvmobile.app.adrifta.product	840	2.0	0.0	0.0	0.0	0.0	0.0	0.0	0.0	0.0	0.0	0.0	0.0	2.0	1.77266524404E-6	3.4532439819E-7	NULL	NULL	16	11	15
com.dstvmobile.app.adrifta.product	480	1.0	0.0	0.0	0.0	0.0	0.0	0.0	0.0	0.0	0.0	0.0	0.0	0.0	2.62640992677E-5	0.0	NULL	NULL	16	11	15
com.dstvmobile.app.adrifta.product	50	1.0	0.0	0.0	0.0	0.0	0.0	0.0	0.0	0.0	0.0	0.0	0.0	1.0	1.74086185567E-6	0.0	NULL	NULL	16	11	15
com.dstvmobile.app.adrifta.product	566	67.0	1.0	0.0	2.0	0.0	2.0	2268.763	1.0	4.0	5147285.55017	0.0	2.0	46.0	0.001770582784	3.86529095405E-5	7.73058190809E-5	0.0876942910077	16	11	15
com.dstvmobile.app.adrifta.product	566	71.0	2.0	0.0	0.0	0.0	8.0	3112.533	26.0	40.0	9158880.41482	0.0	0.0	52.0	0.00191923775731	7.28317553609E-5	2.91327021444E-4	0.113345621004	16	11	10
com.dstvmobile.app.adrifta.product	516	1.0	0.0	0.0	0.0	0.0	0.0	0.0	0.0	0.0	0.0	0.0	0.0	1.0	1.61983429468E-4	0.0	NULL	NULL	16	11	10
com.dstvmobile.app.adrifta.product	516	1.0	0.0	0.0	0.0	0.0	0.0	0.0	0.0	0.0	0.0	0.0	0.0	1.0	1.62966602429E-4	0.0	NULL	NULL	16	11	9
com.dstvmobile.app.adrifta.product	716	1.0	0.0	0.0	0.0	0.0	0.0	0.0	0.0	0.0	0.0	0.0	0.0	1.0	2.17477457829E-4	0.0	NULL	NULL	16	11	9
com.dstvmobile.app.adrifta.product	716	1.0	0.0	0.0	0.0	0.0	0.0	0.0	0.0	0.0	0.0	0.0	0.0	1.0	2.53751980747E-4	0.0	NULL	NULL	16	11	6
com.dstvmobile.app.adrifta.product	516	1.0	0.0	0.0	0.0	0.0	0.0	0.0	0.0	0.0	0.0	0.0	0.0	1.0	1.62050407562E-4	0.0	NULL	NULL	16	11	7
com.dstvmobile.app.adrifta.product	716	1.0	0.0	0.0	0.0	0.0	0.0	0.0	0.0	0.0	0.0	0.0	0.0	1.0	2.22951910977E-4	0.0	NULL	NULL	16	11	7
com.dstvmobile.app.adrifta.product	702	1.0	0.0	0.0	0.0	0.0	0.0	0.0	0.0	0.0	0.0	0.0	0.0	1.0	4.943795928E-5	0.0	NULL	NULL	16	10	28
com.dstvmobile.app.adrifta.product	566	45.0	0.0	1.0	3.0	0.0	0.0	0.0	0.0	0.0	0.0	1.0	3.0	31.0	0.0024581030651	9.96994359036E-6	NULL	NULL	16	10	19
com.dstvmobile.app.adrifta.product	702	1.0	0.0	0.0	0.0	0.0	0.0	0.0	0.0	0.0	0.0	0.0	0.0	1.0	4.93311179618E-5	0.0	NULL	NULL	16	10	20
com.dstvmobile.app.adrifta.product	716	1.0	0.0	0.0	0.0	0.0	0.0	0.0	0.0	0.0	0.0	0.0	0.0	1.0	2.31658984712E-4	0.0	NULL	NULL	16	10	6
com.dstvmobile.app.adrifta.product	710	176.0	3.0	1.0	1.0	0.0	9.0	1304.492	36.0	51.0	1231195.97735	1.0	1.0	98.0	7.10502163886E-4	2.17410510365E-5	7.01925362036E-5	0.0101739557708	16	10	14
com.dstvmobile.app.adrifta.product	826	1.0	0.0	0.0	0.0	0.0	0.0	0.0	0.0	0.0	0.0	0.0	0.0	1.0	8.32186496235E-6	3.64994077296E-7	NULL	NULL	16	10	14
com.dstvmobile.app.adrifta.product	566	46.0	1.0	0.0	0.0	0.0	2.0	1144.451	1.0	4.0	1309768.0914	0.0	0.0	32.0	0.00250155900882	7.7268398887E-5	1.54536797774E-4	0.0884298963746	16	10	14
com.dstvmobile.app.adrifta.product	528	2.0	0.0	0.0	0.0	0.0	0.0	0.0	0.0	0.0	0.0	0.0	0.0	2.0	4.60149843826E-5	0.0	NULL	NULL	16	10	14
com.dstvmobile.app.adrifta.product	508	1.0	0.0	0.0	0.0	0.0	0.0	0.0	0.0	0.0	0.0	0.0	0.0	1.0	2.18113962524E-4	0.0	NULL	NULL	16	10	14
com.dstvmobile.app.adrifta.product	528	1.0	0.0	0.0	0.0	0.0	0.0	0.0	0.0	0.0	0.0	0.0	0.0	1.0	2.42336240794E-5	0.0	NULL	NULL	16	10	1
com.dstvmobile.app.adrifta.product	566	49.0	0.0	0.0	0.0	0.0	0.0	0.0	0.0	0.0	0.0	0.0	0.0	32.0	0.00272183720318	1.00528444543E-5	NULL	NULL	16	10	15
com.dstvmobile.app.adrifta.product	231	1.0	0.0	0.0	0.0	0.0	0.0	0.0	0.0	0.0	0.0	0.0	0.0	1.0	1.4859961346E-4	0.0	NULL	NULL	16	10	14
com.dstvmobile.app.adrifta.product	710	170.0	3.0	0.0	0.0	0.0	7.0	3459.424	16.0	27.0	8698607.62469	0.0	0.0	95.0	6.97452610793E-4	2.19482672938E-5	4.95403747488E-5	0.0244830230536	16	10	15
com.dstvmobile.app.adrifta.product	826	1.0	0.0	0.0	0.0	0.0	0.0	0.0	0.0	0.0	0.0	0.0	0.0	0.0	2.58931678493E-6	0.0	NULL	NULL	16	10	1
com.dstvmobile.app.adrifta.product	566	46.0	2.0	0.0	0.0	0.0	2.0	580.04	0.0	2.0	314043.721522	0.0	0.0	28.0	0.00248871057384	1.65563836348E-4	1.65563836348E-4	0.0480168238175	16	10	13
com.dstvmobile.app.adrifta.product	710	186.0	4.0	0.0	0.0	0.0	8.0	6100.807	16.0	28.0	3.34665831505E7	0.0	0.0	101.0	7.101082173E-4	2.65819352741E-5	5.31638705481E-5	0.0405428141984	16	10	1
com.dstvmobile.app.adrifta.product	840	1.0	1.0	0.0	0.0	0.0	4.0	10110.994	9.0	16.0	1.02232199668E8	0.0	0.0	1.0	3.3849113794E-37	1.77707847419E-37	7.10831389675E-37	1.796802979E-33	16	10	1
com.dstvmobile.app.adrifta.product	288	10.0	0.0	0.0	0.0	0.0	0.0	0.0	0.0	0.0	0.0	0.0	0.0	8.0	0.00114807815152	1.59411017984E-6	NULL	NULL	16	10	14
com.dstvmobile.app.adrifta.product	710	169.0	3.0	0.0	0.0	0.0	13.0	5932.906	82.0	105.0	1.95996440915E7	0.0	0.0	100.0	7.21719441153E-4	2.22233019449E-5	9.63009750947E-5	0.0439495871496	16	10	13
com.dstvmobile.app.adrifta.product	231	1.0	0.0	0.0	0.0	0.0	0.0	0.0	0.0	0.0	0.0	0.0	0.0	0.0	1.6672471826E-4	0.0	NULL	NULL	16	10	15
com.dstvmobile.app.adrifta.product	566	46.0	1.0	0.0	0.0	0.0	5.0	880.041	16.0	25.0	774472.161681	0.0	0.0	32.0	0.00244940675721	7.49500197292E-5	3.74750098646E-4	0.0659590903125	16	10	12
com.dstvmobile.app.adrifta.product	840	1.0	0.0	0.0	0.0	0.0	0.0	0.0	0.0	0.0	0.0	0.0	0.0	1.0	9.42163931208E-38	2.09369762491E-38	NULL	NULL	16	10	14
com.dstvmobile.app.adrifta.product	826	1.0	0.0	0.0	0.0	0.0	0.0	0.0	0.0	0.0	0.0	0.0	0.0	1.0	1.15697351157E-6	0.0	NULL	NULL	16	10	6
com.dstvmobile.app.adrifta.product	566	42.0	2.0	0.0	1.0	0.0	3.0	1364.279	1.0	5.0	1287011.84743	0.0	1.0	31.0	0.00230815797232	1.41919650983E-4	2.12879476475E-4	0.0968089997618	16	10	1
com.dstvmobile.app.adrifta.product	231	1.0	0.0	0.0	0.0	0.0	0.0	0.0	0.0	0.0	0.0	0.0	0.0	1.0	3.26361989285E-5	0.0	NULL	NULL	16	10	1
com.dstvmobile.app.adrifta.product	528	1.0	0.0	0.0	0.0	0.0	0.0	0.0	0.0	0.0	0.0	0.0	0.0	1.0	2.30126495553E-5	0.0	NULL	NULL	16	10	13
com.dstvmobile.app.adrifta.product	566	50.0	3.0	0.0	0.0	0.0	5.0	1093.771	4.0	11.0	581966.195755	0.0	0.0	37.0	0.00289434568536	2.2580101593E-4	3.7633502655E-4	0.082324867665	16	10	16
com.dstvmobile.app.adrifta.product	528	1.0	0.0	0.0	0.0	0.0	0.0	0.0	0.0	0.0	0.0	0.0	0.0	1.0	2.3845581029E-5	0.0	NULL	NULL	16	10	15
com.dstvmobile.app.adrifta.product	528	1.0	0.0	0.0	0.0	0.0	0.0	0.0	0.0	0.0	0.0	0.0	0.0	1.0	2.29706967101E-5	0.0	NULL	NULL	16	10	12
com.dstvmobile.app.adrifta.product	826	2.0	0.0	0.0	0.0	0.0	0.0	0.0	0.0	0.0	0.0	0.0	0.0	1.0	3.39689941464E-6	0.0	NULL	NULL	16	10	2
com.dstvmobile.app.adrifta.product	826	1.0	0.0	0.0	0.0	0.0	0.0	0.0	0.0	0.0	0.0	0.0	0.0	1.0	7.07584851055E-7	2.94827021273E-8	NULL	NULL	16	10	15
com.dstvmobile.app.adrifta.product	566	42.0	2.0	0.0	0.0	0.0	5.0	2017.784	5.0	13.0	3614583.52734	0.0	0.0	31.0	0.00225493351957	1.37627635164E-4	3.44069087909E-4	0.138851420096	16	10	11
com.dstvmobile.app.adrifta.product	404	3.0	0.0	0.0	0.0	0.0	0.0	0.0	0.0	0.0	0.0	0.0	0.0	1.0	3.93899534246E-4	0.0	NULL	NULL	16	10	14
com.dstvmobile.app.adrifta.product	528	1.0	0.0	0.0	0.0	0.0	0.0	0.0	0.0	0.0	0.0	0.0	0.0	1.0	2.33280292134E-5	0.0	NULL	NULL	16	10	6
com.dstvmobile.app.adrifta.product	894	1.0	0.0	0.0	0.0	0.0	0.0	0.0	0.0	0.0	0.0	0.0	0.0	1.0	8.70082653381E-5	0.0	NULL	NULL	16	10	14
com.dstvmobile.app.adrifta.product	826	1.0	0.0	0.0	0.0	0.0	0.0	0.0	0.0	0.0	0.0	0.0	0.0	1.0	8.19561454336E-6	3.2522279934E-7	NULL	NULL	16	10	16
com.dstvmobile.app.adrifta.product	231	1.0	0.0	0.0	0.0	0.0	0.0	0.0	0.0	0.0	0.0	0.0	0.0	1.0	8.4443677259E-5	0.0	NULL	NULL	16	10	6
com.dstvmobile.app.adrifta.product	288	9.0	0.0	0.0	0.0	0.0	0.0	0.0	0.0	0.0	0.0	0.0	0.0	5.0	0.00101941101626	7.4138983001E-6	NULL	NULL	16	10	1
com.dstvmobile.app.adrifta.product	528	1.0	0.0	0.0	0.0	0.0	0.0	0.0	0.0	0.0	0.0	0.0	0.0	1.0	2.34582164753E-5	0.0	NULL	NULL	16	10	11
com.dstvmobile.app.adrifta.product	826	1.0	0.0	0.0	0.0	0.0	0.0	0.0	0.0	0.0	0.0	0.0	0.0	1.0	5.81668509236E-7	2.42361878848E-8	NULL	NULL	16	10	13
com.dstvmobile.app.adrifta.product	231	1.0	0.0	0.0	0.0	0.0	0.0	0.0	0.0	0.0	0.0	0.0	0.0	1.0	1.35832980748E-4	0.0	NULL	NULL	16	10	8
com.dstvmobile.app.adrifta.product	710	178.0	2.0	0.0	1.0	0.0	3.0	1612.202	1.0	5.0	1428557.51848	0.0	1.0	99.0	7.60418949504E-4	1.60196234939E-5	2.40294352408E-5	0.012913434518	16	10	11
com.dstvmobile.app.adrifta.product	566	48.0	0.0	0.0	0.0	0.0	0.0	0.0	0.0	0.0	0.0	0.0	0.0	32.0	0.00260222354216	8.74755796073E-6	NULL	NULL	16	10	7
com.dstvmobile.app.adrifta.product	710	168.0	2.0	0.0	1.0	0.0	4.0	257.688	4.0	10.0	38570.104872	0.0	1.0	85.0	6.80092265399E-4	1.63876315697E-5	3.27752631394E-5	0.00211144800197	16	10	6
com.dstvmobile.app.adrifta.product	231	1.0	0.0	0.0	0.0	0.0	0.0	0.0	0.0	0.0	0.0	0.0	0.0	1.0	1.54018394241E-4	0.0	NULL	NULL	16	10	13
com.dstvmobile.app.adrifta.product	288	10.0	0.0	0.0	0.0	0.0	0.0	0.0	0.0	0.0	0.0	0.0	0.0	8.0	0.0011519706185	0.0	NULL	NULL	16	10	15
com.dstvmobile.app.adrifta.product	566	40.0	0.0	1.0	0.0	0.0	0.0	0.0	0.0	0.0	0.0	1.0	0.0	28.0	0.00211469424482	8.05045776162E-6	NULL	NULL	16	10	6
com.dstvmobile.app.adrifta.product	710	165.0	3.0	1.0	0.0	0.0	5.0	924.997	2.0	9.0	585049.391929	1.0	0.0	86.0	6.28496616294E-4	2.08790327307E-5	3.47983878844E-5	0.00643768087958	16	10	2
com.dstvmobile.app.adrifta.product	404	2.0	0.0	0.0	0.0	0.0	0.0	0.0	0.0	0.0	0.0	0.0	0.0	0.0	2.68188406142E-4	NULL	NULL	NULL	16	10	15
com.dstvmobile.app.adrifta.product	784	1.0	0.0	0.0	0.0	0.0	0.0	0.0	0.0	0.0	0.0	0.0	0.0	1.0	1.33071208864E-5	0.0	NULL	NULL	16	10	15
com.dstvmobile.app.adrifta.product	840	2.0	0.0	0.0	0.0	0.0	0.0	0.0	0.0	0.0	0.0	0.0	0.0	2.0	2.26970140943E-6	4.68351084487E-7	NULL	NULL	16	10	13
com.dstvmobile.app.adrifta.product	31	1.0	0.0	0.0	0.0	0.0	0.0	0.0	0.0	0.0	0.0	0.0	0.0	0.0	2.42166013102E-5	0.0	NULL	NULL	16	10	7
com.dstvmobile.app.adrifta.product	840	4.0	0.0	0.0	0.0	0.0	0.0	0.0	0.0	0.0	0.0	0.0	0.0	4.0	4.77981240407E-6	9.06739480447E-7	NULL	NULL	16	10	7
com.dstvmobile.app.adrifta.product	894	2.0	0.0	0.0	1.0	0.0	0.0	0.0	0.0	0.0	0.0	0.0	1.0	1.0	1.79152539992E-4	0.0	NULL	NULL	16	10	15
com.dstvmobile.app.adrifta.product	710	190.0	3.0	1.0	2.0	0.0	8.0	2850.72	25.0	38.0	4727034.67297	1.0	1.0	97.0	7.6542467451E-4	2.48637752154E-5	6.63034005743E-5	0.0236265537606	16	10	8
com.dstvmobile.app.adrifta.product	826	1.0	0.0	0.0	0.0	0.0	0.0	0.0	0.0	0.0	0.0	0.0	0.0	1.0	9.08220438737E-7	0.0	NULL	NULL	16	10	8
com.dstvmobile.app.adrifta.product	566	37.0	1.0	0.0	0.0	0.0	2.0	1170.043	1.0	4.0	1369000.62185	0.0	0.0	28.0	0.00198919157624	6.8189264209E-5	1.36378528418E-4	0.0797843712629	16	10	5
com.dstvmobile.app.adrifta.product	566	43.0	0.0	0.0	0.0	0.0	0.0	0.0	0.0	0.0	0.0	0.0	0.0	27.0	0.00235332367975	8.82009753835E-6	NULL	NULL	16	10	8
com.dstvmobile.app.adrifta.product	404	1.0	0.0	0.0	0.0	0.0	0.0	0.0	0.0	0.0	0.0	0.0	0.0	0.0	1.28713860698E-4	0.0	NULL	NULL	16	10	1
com.dstvmobile.app.adrifta.product	784	1.0	0.0	0.0	0.0	0.0	0.0	0.0	0.0	0.0	0.0	0.0	0.0	1.0	1.34227700991E-5	0.0	NULL	NULL	16	10	1
com.dstvmobile.app.adrifta.product	528	1.0	0.0	0.0	0.0	0.0	0.0	0.0	0.0	0.0	0.0	0.0	0.0	1.0	2.44435028095E-5	0.0	NULL	NULL	16	10	16
com.dstvmobile.app.adrifta.product	31	1.0	0.0	0.0	0.0	0.0	0.0	0.0	0.0	0.0	0.0	0.0	0.0	1.0	2.42571526403E-5	0.0	NULL	NULL	16	10	6
com.dstvmobile.app.adrifta.product	276	1.0	0.0	0.0	0.0	0.0	0.0	0.0	0.0	0.0	0.0	0.0	0.0	1.0	3.47438763936E-6	0.0	NULL	NULL	16	10	16
com.dstvmobile.app.adrifta.product	840	2.0	0.0	0.0	0.0	0.0	0.0	0.0	0.0	0.0	0.0	0.0	0.0	2.0	1.9663026126E-6	5.17448055949E-7	NULL	NULL	16	10	6
com.dstvmobile.app.adrifta.product	276	1.0	0.0	0.0	0.0	0.0	0.0	0.0	0.0	0.0	0.0	0.0	0.0	1.0	3.42153421078E-6	0.0	NULL	NULL	16	10	5
com.dstvmobile.app.adrifta.product	528	1.0	0.0	0.0	0.0	0.0	0.0	0.0	0.0	0.0	0.0	0.0	0.0	1.0	2.34674464049E-5	0.0	NULL	NULL	16	10	5
com.dstvmobile.app.adrifta.product	710	171.0	1.0	2.0	3.0	0.0	5.0	7277.727	16.0	25.0	5.29653102865E7	2.0	2.0	94.0	7.03555317758E-4	7.69586065522E-6	3.84793032761E-5	0.0560083728787	16	10	7
com.dstvmobile.app.adrifta.product	710	174.0	1.0	1.0	0.0	3.0	8.0	829.141	49.0	64.0	687474.797881	1.0	0.0	94.0	7.2702698578E-4	7.99645224364E-6	6.39716179491E-5	0.00663018640975	16	10	16
com.dstvmobile.app.adrifta.product	288	10.0	0.0	0.0	0.0	0.0	0.0	0.0	0.0	0.0	0.0	0.0	0.0	8.0	0.00113862701353	1.58671545922E-6	NULL	NULL	16	10	13
com.dstvmobile.app.adrifta.product	288	7.0	0.0	0.0	0.0	0.0	0.0	0.0	0.0	0.0	0.0	0.0	0.0	5.0	7.93210308396E-4	2.93781595702E-6	NULL	NULL	16	10	7
com.dstvmobile.app.adrifta.product	840	2.0	0.0	0.0	0.0	0.0	0.0	0.0	0.0	0.0	0.0	0.0	0.0	2.0	1.32870983023E-6	3.69086063952E-7	NULL	NULL	16	10	5
com.dstvmobile.app.adrifta.product	566	41.0	1.0	0.0	0.0	0.0	7.0	9247.72	36.0	49.0	8.55203251984E7	0.0	0.0	31.0	0.00228425896018	7.14747551547E-5	5.00323286083E-4	0.66097852274	16	10	2
com.dstvmobile.app.adrifta.product	231	2.0	0.0	0.0	0.0	0.0	0.0	0.0	0.0	0.0	0.0	0.0	0.0	1.0	6.19978356367E-5	0.0	NULL	NULL	16	10	2
com.dstvmobile.app.adrifta.product	31	1.0	0.0	0.0	1.0	0.0	0.0	0.0	0.0	0.0	0.0	0.0	1.0	0.0	2.41108395204E-5	0.0	NULL	NULL	16	10	11
com.dstvmobile.app.adrifta.product	840	2.0	0.0	0.0	0.0	0.0	0.0	0.0	0.0	0.0	0.0	0.0	0.0	2.0	2.22238512777E-6	4.8312720169E-7	NULL	NULL	16	10	12
com.dstvmobile.app.adrifta.product	508	1.0	0.0	0.0	0.0	0.0	0.0	0.0	0.0	0.0	0.0	0.0	0.0	0.0	2.17312339632E-4	0.0	NULL	NULL	16	10	12
com.dstvmobile.app.adrifta.product	826	1.0	0.0	0.0	0.0	0.0	0.0	0.0	0.0	0.0	0.0	0.0	0.0	1.0	7.0811853926E-7	2.80999420341E-8	NULL	NULL	16	10	10
com.dstvmobile.app.adrifta.product	231	1.0	0.0	0.0	0.0	0.0	0.0	0.0	0.0	0.0	0.0	0.0	0.0	1.0	1.72711919159E-4	0.0	NULL	NULL	16	10	11
com.dstvmobile.app.adrifta.product	710	173.0	4.0	0.0	1.0	0.0	17.0	5762.497	145.0	175.0	1.49897845834E7	0.0	1.0	105.0	7.24244783966E-4	2.86021853703E-5	1.28301231518E-4	0.0434903212777	16	10	12
com.dstvmobile.app.adrifta.product	288	9.0	0.0	0.0	0.0	0.0	0.0	0.0	0.0	0.0	0.0	0.0	0.0	8.0	0.00101514323131	2.87088017905E-6	NULL	NULL	16	10	6
com.dstvmobile.app.adrifta.product	566	45.0	2.0	0.0	0.0	0.0	3.0	401.397	1.0	5.0	145863.671609	0.0	0.0	31.0	0.0024359006344	1.50483773356E-4	2.25725660034E-4	0.0302018675868	16	10	17
com.dstvmobile.app.adrifta.product	231	1.0	0.0	0.0	0.0	0.0	0.0	0.0	0.0	0.0	0.0	0.0	0.0	1.0	1.59158298808E-4	0.0	NULL	NULL	16	10	12
com.dstvmobile.app.adrifta.product	288	12.0	0.0	0.0	0.0	0.0	0.0	0.0	0.0	0.0	0.0	0.0	0.0	10.0	0.00137650672171	1.65644611518E-6	NULL	NULL	16	10	11
com.dstvmobile.app.adrifta.product	288	9.0	0.0	0.0	0.0	0.0	0.0	0.0	0.0	0.0	0.0	0.0	0.0	7.0	0.00104563873079	1.62568210633E-6	NULL	NULL	16	10	8
com.dstvmobile.app.adrifta.product	288	8.0	0.0	0.0	0.0	0.0	0.0	0.0	0.0	0.0	0.0	0.0	0.0	5.0	8.94649556376E-4	6.50654222819E-6	NULL	NULL	16	10	2
com.dstvmobile.app.adrifta.product	826	1.0	1.0	0.0	0.0	0.0	1.0	19.972	0.0	1.0	398.880784	0.0	0.0	1.0	9.26625461492E-7	2.20625109879E-7	2.20625109879E-7	4.4063246945E-6	16	10	9
com.dstvmobile.app.adrifta.product	710	173.0	3.0	1.0	2.0	0.0	3.0	769.741	0.0	3.0	223967.794129	1.0	2.0	90.0	7.29953088394E-4	2.42536501488E-5	2.42536501488E-5	0.00622300963972	16	10	17
com.dstvmobile.app.adrifta.product	826	1.0	0.0	0.0	0.0	0.0	0.0	0.0	0.0	0.0	0.0	0.0	0.0	0.0	2.8643393403E-6	0.0	NULL	NULL	16	10	5
com.dstvmobile.app.adrifta.product	231	1.0	0.0	0.0	0.0	0.0	0.0	0.0	0.0	0.0	0.0	0.0	0.0	1.0	1.95409980809E-4	0.0	NULL	NULL	16	10	16
com.dstvmobile.app.adrifta.product	288	9.0	0.0	0.0	0.0	0.0	0.0	0.0	0.0	0.0	0.0	0.0	0.0	7.0	0.00103973018799	1.57534876969E-6	NULL	NULL	16	10	12
com.dstvmobile.app.adrifta.product	508	1.0	0.0	0.0	0.0	0.0	0.0	0.0	0.0	0.0	0.0	0.0	0.0	0.0	2.19078971261E-4	0.0	NULL	NULL	16	10	11
com.dstvmobile.app.adrifta.product	31	1.0	0.0	0.0	0.0	0.0	0.0	0.0	0.0	0.0	0.0	0.0	0.0	1.0	2.35855930937E-5	0.0	NULL	NULL	16	10	2
com.dstvmobile.app.adrifta.product	231	2.0	0.0	0.0	0.0	0.0	0.0	0.0	0.0	0.0	0.0	0.0	0.0	2.0	6.30721176565E-5	0.0	NULL	NULL	16	10	4
com.dstvmobile.app.adrifta.product	231	1.0	0.0	0.0	0.0	0.0	0.0	0.0	0.0	0.0	0.0	0.0	0.0	1.0	8.52975719735E-5	0.0	NULL	NULL	16	10	5
com.dstvmobile.app.adrifta.product	840	1.0	1.0	0.0	0.0	0.0	2.0	10090.333	1.0	4.0	1.01814820051E8	0.0	0.0	1.0	2.73608629127E-37	1.47582836317E-37	2.95165672634E-37	1.48915996352E-33	16	10	2
com.dstvmobile.app.adrifta.product	710	178.0	2.0	1.0	1.0	0.0	3.0	640.036	1.0	5.0	384844.641296	1.0	1.0	90.0	6.82314733474E-4	1.46792371233E-5	2.2018855685E-5	0.00469762010574	16	10	5
com.dstvmobile.app.adrifta.product	840	1.0	0.0	0.0	0.0	0.0	0.0	0.0	0.0	0.0	0.0	0.0	0.0	1.0	9.76089995493E-38	1.89164727809E-38	NULL	NULL	16	10	16
com.dstvmobile.app.adrifta.product	404	2.0	0.0	0.0	0.0	0.0	0.0	0.0	0.0	0.0	0.0	0.0	0.0	0.0	2.64509107613E-4	0.0	NULL	NULL	16	10	13
com.dstvmobile.app.adrifta.product	31	1.0	0.0	0.0	0.0	0.0	0.0	0.0	0.0	0.0	0.0	0.0	0.0	0.0	2.40585562586E-5	0.0	NULL	NULL	16	10	8
com.dstvmobile.app.adrifta.product	528	1.0	0.0	0.0	0.0	0.0	0.0	0.0	0.0	0.0	0.0	0.0	0.0	1.0	2.3624889677E-5	0.0	NULL	NULL	16	10	17
com.dstvmobile.app.adrifta.product	894	1.0	0.0	0.0	0.0	0.0	0.0	0.0	0.0	0.0	0.0	0.0	0.0	1.0	8.9265159263E-5	0.0	NULL	NULL	16	10	13
com.dstvmobile.app.adrifta.product	566	42.0	4.0	0.0	0.0	0.0	18.0	15149.069	196.0	228.0	1.78743208589E8	0.0	0.0	28.0	0.002386445331	3.39657933474E-4	0.00152846070063	1.28637536765	16	10	9
com.dstvmobile.app.adrifta.product	404	2.0	0.0	0.0	0.0	0.0	0.0	0.0	0.0	0.0	0.0	0.0	0.0	0.0	2.75345243651E-4	0.0	NULL	NULL	16	10	16
com.dstvmobile.app.adrifta.product	784	1.0	0.0	0.0	0.0	0.0	0.0	0.0	0.0	0.0	0.0	0.0	0.0	1.0	1.37393331724E-5	0.0	NULL	NULL	16	10	16
com.dstvmobile.app.adrifta.product	288	11.0	0.0	0.0	0.0	0.0	0.0	0.0	0.0	0.0	0.0	0.0	0.0	8.0	0.00126209312239	7.08642965968E-6	NULL	NULL	16	10	5
com.dstvmobile.app.adrifta.product	404	2.0	0.0	0.0	0.0	0.0	0.0	0.0	0.0	0.0	0.0	0.0	0.0	0.0	2.60415488197E-4	0.0	NULL	NULL	16	10	7
com.dstvmobile.app.adrifta.product	276	2.0	0.0	0.0	0.0	0.0	0.0	0.0	0.0	0.0	0.0	0.0	0.0	2.0	6.78266982739E-6	0.0	NULL	NULL	16	10	4
com.dstvmobile.app.adrifta.product	404	2.0	0.0	0.0	0.0	0.0	0.0	0.0	0.0	0.0	0.0	0.0	0.0	0.0	2.64263096408E-4	0.0	NULL	NULL	16	10	12
com.dstvmobile.app.adrifta.product	528	1.0	0.0	0.0	0.0	0.0	0.0	0.0	0.0	0.0	0.0	0.0	0.0	1.0	2.47099738638E-5	0.0	NULL	NULL	16	10	9
com.dstvmobile.app.adrifta.product	404	1.0	0.0	0.0	0.0	0.0	0.0	0.0	0.0	0.0	0.0	0.0	0.0	0.0	1.29424578114E-4	0.0	NULL	NULL	16	10	2
com.dstvmobile.app.adrifta.product	784	1.0	0.0	0.0	0.0	0.0	0.0	0.0	0.0	0.0	0.0	0.0	0.0	1.0	1.35192020424E-5	0.0	NULL	NULL	16	10	2
com.dstvmobile.app.adrifta.product	31	1.0	0.0	0.0	0.0	0.0	0.0	0.0	0.0	0.0	0.0	0.0	0.0	0.0	2.40401820417E-5	0.0	NULL	NULL	16	10	4
com.dstvmobile.app.adrifta.product	404	2.0	0.0	0.0	0.0	0.0	0.0	0.0	0.0	0.0	0.0	0.0	0.0	1.0	2.58459538993E-4	0.0	NULL	NULL	16	10	6
com.dstvmobile.app.adrifta.product	784	1.0	0.0	0.0	0.0	0.0	0.0	0.0	0.0	0.0	0.0	0.0	0.0	1.0	1.34589054453E-5	0.0	NULL	NULL	16	10	6
com.dstvmobile.app.adrifta.product	840	2.0	0.0	0.0	0.0	0.0	0.0	0.0	0.0	0.0	0.0	0.0	0.0	2.0	2.19484961E-6	4.77141219565E-7	NULL	NULL	16	10	11
com.dstvmobile.app.adrifta.product	840	2.0	0.0	0.0	0.0	0.0	0.0	0.0	0.0	0.0	0.0	0.0	0.0	2.0	1.67870348058E-6	4.7962956588E-7	NULL	NULL	16	10	4
com.dstvmobile.app.adrifta.product	710	178.0	2.0	1.0	1.0	0.0	3.0	1082.733	1.0	5.0	1119552.16587	1.0	1.0	93.0	7.88961533797E-4	1.745793517E-5	2.6186902755E-5	0.00945114126021	16	10	9
com.dstvmobile.app.adrifta.product	566	47.0	2.0	0.0	0.0	0.0	6.0	10879.354	16.0	26.0	6.44979235831E7	0.0	0.0	28.0	0.00253361277292	1.69023515747E-4	5.07070547241E-4	0.919433331068	16	10	10
com.dstvmobile.app.adrifta.product	566	38.0	0.0	0.0	0.0	0.0	0.0	0.0	0.0	0.0	0.0	0.0	0.0	26.0	0.00204516453529	8.21923374487E-6	NULL	NULL	16	10	4
com.dstvmobile.app.adrifta.product	231	1.0	0.0	0.0	0.0	0.0	0.0	0.0	0.0	0.0	0.0	0.0	0.0	1.0	1.49340500272E-4	0.0	NULL	NULL	16	10	17
com.dstvmobile.app.adrifta.product	826	1.0	0.0	0.0	0.0	0.0	0.0	0.0	0.0	0.0	0.0	0.0	0.0	1.0	1.07256436633E-5	4.25620780289E-7	NULL	NULL	16	10	17
com.dstvmobile.app.adrifta.product	288	8.0	0.0	0.0	0.0	0.0	0.0	0.0	0.0	0.0	0.0	0.0	0.0	7.0	9.52549195145E-4	0.0	NULL	NULL	16	10	16
com.dstvmobile.app.adrifta.product	894	1.0	0.0	0.0	0.0	0.0	0.0	0.0	0.0	0.0	0.0	0.0	0.0	1.0	8.89572413607E-5	0.0	NULL	NULL	16	10	11
com.dstvmobile.app.adrifta.product	840	2.0	0.0	0.0	0.0	0.0	0.0	0.0	0.0	0.0	0.0	0.0	0.0	2.0	1.67851836218E-6	3.90353107484E-7	NULL	NULL	16	10	8
com.dstvmobile.app.adrifta.product	710	169.0	0.0	0.0	0.0	0.0	0.0	0.0	0.0	0.0	0.0	0.0	0.0	90.0	6.77676380067E-4	5.03536629152E-7	NULL	NULL	16	10	10
com.dstvmobile.app.adrifta.product	404	2.0	0.0	0.0	0.0	0.0	0.0	0.0	0.0	0.0	0.0	0.0	0.0	0.0	2.60567790286E-4	0.0	NULL	NULL	16	10	11
com.dstvmobile.app.adrifta.product	840	1.0	0.0	0.0	0.0	0.0	0.0	0.0	0.0	0.0	0.0	0.0	0.0	1.0	6.68031804306E-38	1.1651717517E-38	NULL	NULL	16	10	17
com.dstvmobile.app.adrifta.product	250	1.0	0.0	0.0	0.0	0.0	0.0	0.0	0.0	0.0	0.0	0.0	0.0	0.0	8.6422668391E-6	0.0	NULL	NULL	16	10	4
com.dstvmobile.app.adrifta.product	288	11.0	0.0	0.0	0.0	0.0	0.0	0.0	0.0	0.0	0.0	0.0	0.0	7.0	0.00124464450429	7.62649818807E-6	NULL	NULL	16	10	4
com.dstvmobile.app.adrifta.product	231	1.0	0.0	0.0	0.0	0.0	0.0	0.0	0.0	0.0	0.0	0.0	0.0	1.0	1.76529659201E-4	0.0	NULL	NULL	16	10	10
com.dstvmobile.app.adrifta.product	826	1.0	0.0	0.0	0.0	0.0	0.0	0.0	0.0	0.0	0.0	0.0	0.0	1.0	6.84606790714E-7	0.0	NULL	NULL	16	10	3
com.dstvmobile.app.adrifta.product	840	2.0	0.0	0.0	0.0	0.0	0.0	0.0	0.0	0.0	0.0	0.0	0.0	2.0	2.08658124278E-6	4.53604617995E-7	NULL	NULL	16	10	10
com.dstvmobile.app.adrifta.product	288	12.0	0.0	0.0	0.0	0.0	0.0	0.0	0.0	0.0	0.0	0.0	0.0	8.0	0.00138976407724	1.93668349671E-6	NULL	NULL	16	10	10
com.dstvmobile.app.adrifta.product	31	1.0	0.0	0.0	0.0	0.0	0.0	0.0	0.0	0.0	0.0	0.0	0.0	1.0	2.40142255E-5	0.0	NULL	NULL	16	10	9
com.dstvmobile.app.adrifta.product	404	2.0	0.0	0.0	0.0	0.0	0.0	0.0	0.0	0.0	0.0	0.0	0.0	0.0	2.60629376117E-4	0.0	NULL	NULL	16	10	5
com.dstvmobile.app.adrifta.product	784	1.0	0.0	0.0	0.0	0.0	0.0	0.0	0.0	0.0	0.0	0.0	0.0	1.0	1.35754599607E-5	0.0	NULL	NULL	16	10	5
com.dstvmobile.app.adrifta.product	404	1.0	0.0	0.0	0.0	0.0	0.0	0.0	0.0	0.0	0.0	0.0	0.0	0.0	1.33560026123E-4	0.0	NULL	NULL	16	10	8
com.dstvmobile.app.adrifta.product	231	2.0	0.0	0.0	0.0	0.0	0.0	0.0	0.0	0.0	0.0	0.0	0.0	2.0	6.21971447733E-5	0.0	NULL	NULL	16	10	3
com.dstvmobile.app.adrifta.product	710	200.0	2.0	1.0	0.0	0.0	6.0	6527.689	16.0	26.0	4.222083647E7	1.0	0.0	109.0	8.1585403271E-4	1.55453291362E-5	4.66359874087E-5	0.050737537002	16	10	4
com.dstvmobile.app.adrifta.product	288	11.0	0.0	0.0	0.0	0.0	0.0	0.0	0.0	0.0	0.0	0.0	0.0	9.0	0.00128957955963	1.68704808951E-6	NULL	NULL	16	10	9
com.dstvmobile.app.adrifta.product	508	1.0	0.0	0.0	0.0	0.0	0.0	0.0	0.0	0.0	0.0	0.0	0.0	0.0	2.22711338315E-4	0.0	NULL	NULL	16	10	17
com.dstvmobile.app.adrifta.product	31	1.0	0.0	0.0	0.0	0.0	0.0	0.0	0.0	0.0	0.0	0.0	0.0	1.0	2.44195638695E-5	0.0	NULL	NULL	16	10	10
com.dstvmobile.app.adrifta.product	288	10.0	0.0	0.0	0.0	0.0	0.0	0.0	0.0	0.0	0.0	0.0	0.0	9.0	0.00117113248483	0.0	NULL	NULL	16	10	17
com.dstvmobile.app.adrifta.product	840	1.0	0.0	0.0	0.0	0.0	0.0	0.0	0.0	0.0	0.0	0.0	0.0	1.0	2.83019279241E-37	9.71144585632E-38	NULL	NULL	16	10	3
com.dstvmobile.app.adrifta.product	566	41.0	3.0	1.0	0.0	0.0	10.0	8348.787	19.0	36.0	2.34490082309E7	1.0	0.0	28.0	0.00222987234426	2.24029422279E-4	7.46764740929E-4	0.623457976113	16	10	3
com.dstvmobile.app.adrifta.product	404	2.0	0.0	0.0	0.0	0.0	0.0	0.0	0.0	0.0	0.0	0.0	0.0	0.0	2.60343957904E-4	0.0	NULL	NULL	16	10	4
com.dstvmobile.app.adrifta.product	894	1.0	0.0	0.0	0.0	0.0	0.0	0.0	0.0	0.0	0.0	0.0	0.0	1.0	8.76439274052E-5	0.0	NULL	NULL	16	10	10
com.dstvmobile.app.adrifta.product	840	2.0	1.0	0.0	0.0	0.0	4.0	6560.238	9.0	16.0	4.30367226166E7	0.0	0.0	2.0	1.86481043068E-6	4.23820552428E-7	1.69528220971E-6	0.00278036369322	16	10	9
com.dstvmobile.app.adrifta.product	31	1.0	0.0	0.0	0.0	0.0	0.0	0.0	0.0	0.0	0.0	0.0	0.0	1.0	2.43503931201E-5	0.0	NULL	NULL	16	10	3
com.dstvmobile.app.adrifta.product	710	173.0	1.0	0.0	1.0	0.0	5.0	2867.883	16.0	25.0	8224752.90169	0.0	1.0	100.0	6.69136449667E-4	6.79139505863E-6	3.39569752931E-5	0.0194769264349	16	10	3
com.dstvmobile.app.adrifta.product	404	1.0	0.0	0.0	0.0	0.0	0.0	0.0	0.0	0.0	0.0	0.0	0.0	0.0	1.33995430739E-4	0.0	NULL	NULL	16	10	9
com.dstvmobile.app.adrifta.product	784	1.0	0.0	0.0	0.0	0.0	0.0	0.0	0.0	0.0	0.0	0.0	0.0	1.0	1.38653951155E-5	0.0	NULL	NULL	16	10	9
com.dstvmobile.app.adrifta.product	894	1.0	0.0	0.0	0.0	0.0	0.0	0.0	0.0	0.0	0.0	0.0	0.0	1.0	9.0623199222E-5	0.0	NULL	NULL	16	10	9
com.dstvmobile.app.adrifta.product	288	7.0	0.0	0.0	0.0	0.0	0.0	0.0	0.0	0.0	0.0	0.0	0.0	7.0	7.86876229355E-4	4.8393372039E-6	NULL	NULL	16	10	3
com.dstvmobile.app.adrifta.product	404	2.0	0.0	0.0	0.0	0.0	0.0	0.0	0.0	0.0	0.0	0.0	0.0	0.0	2.6684007759E-4	0.0	NULL	NULL	16	10	17
com.dstvmobile.app.adrifta.product	784	1.0	0.0	0.0	0.0	0.0	0.0	0.0	0.0	0.0	0.0	0.0	0.0	1.0	1.3706684056E-5	0.0	NULL	NULL	16	10	17
com.dstvmobile.app.adrifta.product	404	1.0	0.0	0.0	0.0	0.0	0.0	0.0	0.0	0.0	0.0	0.0	0.0	0.0	1.31914640033E-4	0.0	NULL	NULL	16	10	10
com.dstvmobile.app.adrifta.product	784	1.0	0.0	0.0	0.0	0.0	0.0	0.0	0.0	0.0	0.0	0.0	0.0	1.0	1.3805757027E-5	0.0	NULL	NULL	16	10	10
com.dstvmobile.app.adrifta.product	404	2.0	0.0	0.0	0.0	0.0	0.0	0.0	0.0	0.0	0.0	0.0	0.0	0.0	2.60196221018E-4	0.0	NULL	NULL	16	10	3
com.dstvmobile.app.adrifta.product	784	1.0	0.0	0.0	0.0	0.0	0.0	0.0	0.0	0.0	0.0	0.0	0.0	0.0	1.38968058278E-5	0.0	NULL	NULL	16	10	3
